X_lin_1,X_lin_2,X_lin_3,X_nonlin_1,X_nonlin_2,X_noise_1,X_noise_2,X_noise_3,X_noise_4,X_noise_5,X_noise_6,X_noise_7,X_noise_8,X_noise_9,X_noise_10,X_noise_11,X_noise_12,X_noise_13,X_noise_14,X_noise_15,X_noise_16,X_noise_17,X_noise_18,X_noise_19,X_noise_20,X_noise_21,X_noise_22,X_noise_23,X_noise_24,X_noise_25,X_noise_26,X_noise_27,X_noise_28,X_noise_29,X_noise_30,X_noise_31,X_noise_32,X_noise_33,X_noise_34,X_noise_35,X_noise_36,X_noise_37,X_noise_38,X_noise_39,X_noise_40,X_noise_41,X_noise_42,X_noise_43,X_noise_44,X_noise_45,X_noise_46,X_noise_47,X_noise_48,X_noise_49,X_noise_50,X_noise_51,X_noise_52,X_noise_53,X_noise_54,X_noise_55,X_noise_56,X_noise_57,X_noise_58,X_noise_59,X_noise_60,X_noise_61,X_noise_62,X_noise_63,X_noise_64,X_noise_65,X_noise_66,X_noise_67,X_noise_68,X_noise_69,X_noise_70,X_noise_71,X_noise_72,X_noise_73,X_noise_74,X_noise_75,X_noise_76,X_noise_77,X_noise_78,X_noise_79,X_noise_80,X_noise_81,X_noise_82,X_noise_83,X_noise_84,X_noise_85,X_noise_86,X_noise_87,X_noise_88,X_noise_89,X_noise_90,X_noise_91,X_noise_92,X_noise_93,X_noise_94,X_noise_95,X_noise_96,X_noise_97,X_noise_98,X_noise_99,X_noise_100,X_noise_101,X_noise_102,X_noise_103,X_noise_104,X_noise_105,X_noise_106,X_noise_107,X_noise_108,X_noise_109,X_noise_110,X_noise_111,X_noise_112,X_noise_113,X_noise_114,X_noise_115,X_noise_116,X_noise_117,X_noise_118,X_noise_119,X_noise_120,X_noise_121,X_noise_122,X_noise_123,X_noise_124,X_noise_125,X_noise_126,X_noise_127,X_noise_128,X_noise_129,X_noise_130,X_noise_131,X_noise_132,X_noise_133,X_noise_134,X_noise_135,X_noise_136,X_noise_137,X_noise_138,X_noise_139,X_noise_140,X_noise_141,X_noise_142,X_noise_143,X_noise_144,X_noise_145,X_noise_146,X_noise_147,X_noise_148,X_noise_149,X_noise_150,X_noise_151,X_noise_152,X_noise_153,X_noise_154,X_noise_155,X_noise_156,X_noise_157,X_noise_158,X_noise_159,X_noise_160,X_noise_161,X_noise_162,X_noise_163,X_noise_164,X_noise_165,X_noise_166,X_noise_167,X_noise_168,X_noise_169,X_noise_170,X_noise_171,X_noise_172,X_noise_173,X_noise_174,X_noise_175,X_noise_176,X_noise_177,X_noise_178,X_noise_179,X_noise_180,X_noise_181,X_noise_182,X_noise_183,X_noise_184,X_noise_185,X_noise_186,X_noise_187,X_noise_188,X_noise_189,X_noise_190,X_noise_191,X_noise_192,X_noise_193,X_noise_194,X_noise_195,y
0.31109347241341895,-1.1216748588790662,0.9126992981789622,0.8879256864248963,-1.7761846304237707,-0.9926535604308019,0.3360132842412344,-0.19222675411456686,0.1054867056406338,-0.769882039296137,0.798772507683591,0.7892291796782156,0.28225855419830215,1.262984750841463,0.4415945865050785,-0.6178949723423679,0.1840543069553415,-0.9195896864437283,0.6333758859675287,-0.006535637646680563,-0.2664790955793266,-0.7141994282306023,0.9381060515618393,-0.12944889077201485,-0.1911879552326371,-0.5063190299066004,0.41135383688975374,0.2854428185001525,0.4064239853105415,0.3429746308584951,2.215389620612864,-0.6318795577477756,-0.3126902481142509,-0.8385432156110911,0.674953683533509,1.5275956564078537,-0.0063980223846979165,-0.9245725833698905,-0.9329234638647279,0.7457534099450578,0.6311014835222396,0.7450019738504039,-0.47004191025324277,0.3498612681647927,-0.05007099619429587,0.26927478243735686,0.6162341702605864,0.13989815674686212,0.5290962447749077,-0.1637231132274242,0.2660022595225355,0.5744676386582978,-1.6936196571757136,-0.27909286774290964,-0.7463549076076901,-0.5682269114985034,-0.18749330024689312,1.697598922405859,-0.8939394271147277,1.1108167733366296,-1.516337452365821,-0.38796344254292126,0.2387603827563265,0.5260711091888416,0.6998574288121867,0.9124591875209751,-0.12234895519347158,-0.5992278714649805,0.5998966424359676,-0.1426333106993913,-1.5029697525584833,-0.9981147115629497,-0.9267837472299462,0.33083927495821275,0.26645052654151524,1.0884611923235232,-0.2557728799720143,0.18840115402224833,0.7651014427980751,-0.3877900001336229,0.3226054523419006,-0.6104436252686923,-0.5577013441686998,-0.449246419836138,-1.2756675527342882,0.5093620668555313,-0.3483559257079505,0.10706661537946276,0.43781583617512193,0.4962429845691903,0.6035305942377709,-0.0047119269749930715,-0.12132335880587969,0.16229015916137216,-1.9847576222587255,-1.3803230253369365,-1.3107008390875978,-1.091341737874587,0.4745854201991669,-0.8156653372592969,-0.4067645902874585,1.2677006259504093,-0.21246685349009684,0.559455579734208,-0.921493330723268,-0.3794268299071508,-0.9089757212950961,-0.18728773604280644,0.9670392016911911,-1.5925314608118637,0.5580121768579397,0.14278039177081878,-0.9847674575629235,-1.2823650547040444,0.07101457840576327,-0.4500885741682945,0.3432896413315244,0.05446251236775311,1.6536023681888263,-0.03453972828829472,-0.8230339803977109,0.10184248584218387,0.43905328221278705,1.3515945993938105,0.8160581432562184,0.011695201504723135,1.3228814575135388,-1.4579289795568424,-0.5974996890525155,-0.844726843695957,-0.30148501965006996,-1.4063356729483305,0.3592105120537471,-0.1738388659793245,-1.6856999130650936,-0.7812296588958036,0.16912336022412305,0.7450223502741236,1.5994775467564426,2.576325904969034,0.5620857942342737,-1.0624567415045958,-1.769826742703801,0.4193846500575814,-0.7355596934844866,-0.3731733687016543,-0.5373479723108079,-0.08365222970634545,1.1586998168506253,0.0360366673936408,-0.15125391974682884,-1.4867668229791249,-1.4781770161876795,-0.3773846087691301,-0.1952187966514493,1.68137280958198,0.3327289671315838,0.6195520571161709,-0.4491922026286482,-0.765237778817839,-1.013512386100601,-0.5687857891493588,1.94205291411458,-0.8919391658617065,0.5757406190488449,-0.9719046120111493,0.8172328217609541,0.6197525839415813,-0.21100720541198015,-0.42332892640609726,-0.7445871101492829,0.3606377680882999,-0.45201822539053726,-1.0895495970362536,-1.3688694664201708,0.2865738307825473,1.6313166254737506,0.3460079481986814,-0.014288310065230934,0.1726105948052888,1.217440954171853,0.25263581628956594,-0.15927695022461466,1.0301443958650678,0.4721660818801184,1.3585213613927358,0.23487733555791637,-1.3801129242385428,-1.2681212088426987,1.659626190378988,1.9101198349434667,-0.17111398353251583,-0.3807826565629548,1.680302257314248,-0.9835884815492718,-1.070158070485797,0.5442434880215428,-0.38557832262144215,0.11830352094940352,-0.09190462960852543,5.0588952888918195
0.36021477859663653,1.287571110100431,-0.01484850690867441,0.5745187774475531,-1.868757752515197,0.1410407844864898,-0.6511913692122208,-1.2071536040420519,-0.6346096376908799,-0.10089892907125945,0.8311536347021735,-1.1532223997950504,0.23455284657831338,-0.5629706353491628,-0.27543433510893867,1.2438686756100397,0.34070184871142106,1.3822523747645838,-0.5697822245454814,-0.6762623013870693,-0.3095885818777888,0.3749503894521367,-0.05992108563694538,-1.1282246195474293,0.3759835668652641,0.07934155876144434,2.2798170606735186,1.4670924443599833,-0.928599438042759,-0.2593742707558203,-1.3093972721190368,-0.7905438964974596,0.6096306684835402,1.1816119684845885,-1.0746808019058518,-0.3818512944851762,-2.0420092823233005,-0.14221116497733496,-1.1935189204857042,-0.7674047719981715,-0.9955571180636559,0.05116365687079149,-1.459907797369681,-1.2280309151242454,2.231526204665113,-1.2496042006494825,-1.0060658835456318,1.5180944072313818,2.6733897723583877,-1.3829232560867017,-0.3911445792971694,0.2538244977493204,1.3123572173160571,-0.852320821115311,-0.45037831309079945,0.9230837043883536,0.4984423027190262,-0.420469657376611,-0.14514397471112894,-1.7077264079053722,-0.13075973955467649,-0.3148369938471276,0.3133473291050552,-0.6679260220743498,0.44648784286921817,1.1553389446892837,0.40574527791379755,0.21940905908904856,-0.15238685245847516,0.051942324425140615,-0.8696429995738232,0.433849845844717,-0.06304314335206498,1.7312813597934549,1.7145523577916457,0.8040167040820858,-0.5390396478942986,-1.0006365822952263,1.3060785922279594,0.14812819610152242,0.3480636122069645,-1.6536736683532687,1.1978500514480388,0.3792799277831058,-1.175006939585281,-0.552586860065004,0.4595643197758039,0.14640411312544208,-0.33131500719537355,-0.07686217624412806,-0.41742051525937385,0.227253488415899,1.903104109172553,-2.117207340764008,-0.2937450032498499,0.1019972829666842,0.3668931514174455,-0.49323605931085013,-1.8286881851725418,0.39871706829549003,1.7273595186232777,-1.2934706012397272,0.9351590963253127,-0.6209020435404553,-0.05074649960535692,-1.215189911184569,-0.31383572384116415,1.412932892804665,0.7014993095856396,1.9145196586392654,1.4617286620705607,0.3398631765340959,1.9076660513642887,0.6806528889052696,0.8688163433684821,-0.2298249054867753,0.15647648467486805,-0.7258460919441848,0.9830700955092149,-0.8447173183979523,0.847681950450573,-0.24066919361284483,1.3671695302520306,0.7499439428596132,1.8819477718699082,0.3516594032210027,-1.9382564219201441,-0.11665123437633922,-1.1448001705491535,-0.45224318602364544,1.7436093977320994,0.7727364582401329,-0.933814782495589,-0.9339065051332887,0.05392877767943067,-0.9650419481214118,-0.7086949805284041,0.21531405254164485,0.8859023565457247,0.3974280510115516,-1.9451895837575142,0.08806214830749136,0.324367383811824,0.5690134274297564,1.6294998307693576,-1.9269714139794676,-0.5197215332005405,0.5970977848070598,-1.6995003884869149,1.1623635460043076,0.4284221483287175,0.7998747148335587,-0.4356794521778892,0.9377916291926418,0.880294029488209,0.32472635027040353,0.44871293852003524,-0.0712847999172122,-0.8350480628882097,0.13698702626684958,-0.1664916572167067,0.3971347748057,0.7644397316978987,-1.16444846156515,-0.31518289438502994,1.5660996033240564,-0.6360049560073913,-0.5640159589663792,0.1743362241532228,0.4170672536702705,-0.07105577217185008,1.1978294517599013,1.4453096389517275,0.8903704597937783,0.39214215011489867,2.2707699029231723,-0.1321237893264535,-2.2568490100248746,1.521398056092276,-0.5449831440085618,0.0760599335682914,1.3807692015443465,-1.3711162827369043,-1.0996484359552834,-1.7082888192586376,-0.9774338128340762,0.5195795159308991,0.6584259975008453,0.44950231850455463,-1.4552964097061962,-2.0415761926773777,0.008377722981624772,-0.4757291692462983,0.5370097326598815,0.8509963628932427,0.005466806521891256,0.6693576514732518,0.3301439702978849,0.643302325285014,-0.673288718736986,-4.40991369557764
-0.41296863335823036,0.0957719097076976,1.0112041437554062,-0.5218657430993622,0.5323349031291895,-0.05533400315069153,0.08655377311597719,1.0961648867178482,-1.5925688626574186,-1.3415420874800814,-1.296053876929207,-2.083028006618795,-0.7207901373240118,0.8348758192357576,-0.23685077343016853,0.43902484734503694,0.8504232186707303,1.3725168781962347,-0.4703482736964204,1.448487544742429,0.03972450568647878,-0.8987488904706906,-0.7955580265841339,-1.5537338866344428,-0.6938480131992265,-0.5122558805802274,0.6666822135220848,1.345069393682927,-1.4863863634247452,0.3111099346059243,-0.895919186255421,0.126705032558111,0.11196299391541659,-1.8559426473971514,1.0812108501957534,-0.32922375076716404,-0.4268195692659752,-1.1897083836195346,-0.7465147981347171,0.46018164812420465,-0.30516339467496184,0.5115237417178352,0.4611081136670273,1.3606484190509636,-0.5709644151012994,-1.4406453416809577,0.7776170142790684,-0.3342887750975846,0.9487543506344266,0.1469917772892315,-0.1541130533198471,0.2618151515224731,1.5221200023931771,1.780045152214571,-0.03663401425470211,0.2732123422110406,1.1182546023983373,-0.95194584691315,0.33245672828851497,-0.08500979044063911,0.3987305050755877,-0.920133623851999,-1.6440719187441055,-2.255309740340826,-1.2331313875740437,-0.47375082500196924,-0.06417845525462726,1.8137035084193913,0.8317240565598517,-0.9262548902904466,0.35244777637304475,-0.2808303933969137,-0.2595804233265132,0.057214638289355316,0.7489173567221779,0.12697842140625634,1.0020428483694472,-1.0282603226453049,0.1727589367846184,2.3353992860242254,0.06800877958889746,1.4083927285396551,0.06068905316203663,0.504483386215639,0.06679252653555091,-0.21896972910776202,-0.6900736677114694,0.5182347312906811,-0.8879403314507147,0.7244913015935734,1.0708478347554509,0.42495824730866133,0.02510283588059195,0.6514578725059872,-0.37747790329365866,0.7949729578798898,-1.837917922696413,-0.4585096390462611,-2.0787112808617145,-1.3961213672409345,1.3589321775897945,0.9024371773503632,-0.5541102813047772,-1.9207717743380128,-2.9488038530767744,-0.7128184192789689,2.349622528566128,0.5682826231227494,-0.4756928737277842,0.6299190858367273,-1.8690243417640475,-0.3809362559010177,-0.126684170547058,0.13384085834040857,0.82957103150976,0.3765445075095755,0.8331766084557911,-0.7160265015714132,0.8825567578105593,1.5775290797154695,-0.7736780454231301,-0.8860562955793257,1.5277052703421186,-0.18194120389109106,1.4311375678960974,-0.7151489944662717,1.3140098929954205,0.12060982480384806,0.32586312008328394,1.5500845915972226,-0.27132094015866665,-0.9351232404263625,-0.6911535310580804,0.4739338842165605,-1.795558819731854,0.73060876697514,-0.5906881619835888,1.056822316877519,-2.124354356372386,-0.9215057193406644,-1.3847230536741797,-0.9172453752662649,0.49124345629325994,-0.03810158667597683,-0.19075981527206576,-0.13162670789588168,0.14734889857560118,-0.8909773360255976,0.7709988946413407,0.46782851188686475,0.44677114595523343,0.44750603882956796,0.38355606283224286,2.173290799460863,-0.2271430057980628,-0.15247999400197254,-0.6517178784176242,-1.3344696429833711,-1.2390036656538237,-0.5076835176907226,-0.0811821685644773,0.3543559311357934,-0.22540222068000315,-0.8277601040957235,0.6327888265116307,0.7762482404188429,-0.12942473400003549,-0.3979689507051265,0.5459142442541567,-0.2061573147942736,-1.5466405910442957,-0.12680826444058732,0.5850636892164908,-0.7774331132968632,0.04199463855144421,-1.2118037382067282,1.3912448515192521,1.6548971631456315,-0.1336202737291881,0.2475313658125673,-2.322505128992683,-1.171004267809975,-0.040112104779847946,-0.9375032152731001,0.7789713467376631,1.821262930147913,-1.2750631680513433,-0.9289517808739677,0.40685943953950965,1.6191487039400003,-0.975978561513389,0.15779185313241864,1.9819142195167452,-1.8716881187520418,-1.1600733036938917,-0.5795827433806563,-0.7024554411577191,0.9994837019022773,0.36038739331566166,-1.8229819329535464,0.8281375766694845
0.6260760787430635,-0.6664512544480987,1.6492596702582325,-0.7689414720643161,-0.5487916092141387,0.6745313101640577,0.9816510836670799,0.667264223475956,-1.328388259855141,1.0234715792247908,-0.8987673394354934,0.2884125249603254,-1.725422124565938,0.4914074799577603,-0.7072895185565726,-1.0411719912840678,0.5032133809203441,0.28384498783220763,-1.1049612811154168,1.5496623395563507,-0.5492478362874664,0.1268036127170976,0.02818669265124407,-0.6290592657257278,0.792106419839988,-0.689293268468561,-0.47710195139911726,1.065076864537063,-1.1261599785104186,-2.0419177822954486,1.6965004962040813,1.9128375751183913,-0.19350907611003781,-1.9619026002999513,-0.530173509966154,0.012138389800959572,-0.08245921328119836,-1.2400985086927838,0.604848756801216,0.5840737785329203,-1.6155962263551713,0.914856669151998,1.993428305613366,0.2939583106879889,-0.5647734102694405,-0.0944747330753036,0.40508447213754245,-1.5295580190488391,0.03349340962577715,-0.614393373311718,1.8241826290668457,-0.3169248564082144,1.2549805815587702,-0.9527440490550491,0.6443225005219481,0.44086414691190884,-0.7613428625485822,0.2061473766393246,1.2320737743108183,-0.44338065325801607,-1.5250582408521414,-0.049197322726929324,-0.9057494336772933,-0.44515425762143657,-0.13821120824667085,-1.8543744794795873,-1.4494427030272277,0.35044437840223697,-0.6906690161464543,-2.5555947622252657,0.852060709383019,0.39026760235724417,-0.7108107337339173,-1.260875783889506,0.9681540067550244,0.7699400661780208,2.1144704428534316,0.43318666105220155,0.5375512959927493,-0.2543775033795194,0.7148036952853796,0.6296951371458074,1.63900080659805,-0.5875574071482123,-0.37944345980522354,-0.5609831644104579,1.0404276392470029,1.569335703758529,-0.49716769878511924,-0.41163280488356185,0.2125530034997026,-0.14079324439014027,1.3481270170186241,-1.8285913192590533,-0.9814132325506099,-0.7734756009978231,-2.344659569245868,-1.0591966422420105,-0.9298430313346244,-0.12219348015325406,1.1046264653770126,-0.12836827324982875,-0.8469524548253777,-0.3202094929566054,1.0577826477270114,-1.1393122486125415,-0.8708374977395518,0.689015635379627,-0.1273090993845282,0.8148236753216263,0.0130121160308051,0.596873971665084,-1.53023764485326,0.2109182091016237,-0.22749878541216376,-1.099184613642135,-1.67648059593126,0.7746929634086838,-0.4852086827563176,-0.7100915293470729,0.03489316823319776,0.9802749998928931,-2.0008640366637995,-1.472928250107238,-1.0852763302936088,1.0157644057877595,0.05433382151563153,0.8808335956560658,-1.1120537253383993,-1.0302138488516506,0.5996116292980072,0.14606796346397832,0.2754576996268325,-0.14065906735925007,0.33780842251024934,0.2922055095685755,0.5830050099553923,0.7136916552758966,-1.467625210952942,-2.302235744494268,1.1063492299392743,0.8735298627678872,-0.7138141569848203,-1.7583742769730812,0.15235444804722653,0.8961633700735765,1.4858750512250938,0.5276839514931464,-0.39337188156139213,-0.8608051075193893,0.035836133371089346,-0.5921626225084787,-0.8551611629026198,2.187132113397964,1.567140836945267,1.122929517156498,-0.8380949185804184,0.49569709622245195,0.7579500419077857,0.6501660627072094,1.295101458307695,0.6166780363127847,0.49335753862899867,0.7837909163206113,0.11553150487406252,-1.909329446318516,0.08161659827026961,-0.30312223497038676,-1.41681872844721,1.2121595988657783,1.665379023859849,1.2265232582686123,0.5751959174978495,1.3776398537505776,-0.1289013154575279,0.31438797408620656,-1.0100717268829447,0.6311349783573098,0.14528350126940037,-1.360466539587794,-0.0754840743748946,-0.05689285260408822,2.0872273059685607,0.8385884579813824,0.023933369753967346,0.06820370360265517,0.08051092151098677,-0.1892104926728011,-0.9696718977907757,-0.172484970671731,-0.509393061785188,-0.9929242193053343,0.5778160852691164,0.4592873678700196,-1.6728630908475064,-0.2662342035101891,0.9216807984759677,1.2824406084176747,1.1296369845569125,0.1254642169730183,5.870496706035771
-1.407779980415523,-1.1647069243025556,0.34221730386934873,0.29488750755238385,1.2477715499950093,1.1799820653561044,0.07162327332807311,-1.2357074445882776,-0.1542623350527239,0.6098977117091108,-0.16054801481643194,-0.46225532882911613,0.5340723421364848,-0.5853935775919253,-0.5463035737968812,0.5526701026936254,-0.5288161252509954,0.2863108126764521,-0.07159797786385819,-1.1360254308641033,-0.5941175091893962,1.784742492711702,-1.3372182094487834,-2.236998161698127,-1.7583094265957873,-0.12159477703937435,-0.060562809715418636,-0.09222124044356877,1.2515933960577124,-2.2600218631597864,0.5085613473861955,1.0623238462098124,-0.9984728902590807,-0.4044633660017918,-1.1056499303683873,-0.6390682688050479,-0.21894956276779926,1.6940844701645943,1.9824775383380648,-0.5192789915424159,1.797600066680215,0.192495500844375,1.7224533433022038,0.04763742059880657,-0.03377775161334644,0.4173050110125847,2.518128407313023,0.6761098963813841,-0.8061093334528333,0.7231862568253714,-0.38473032176608757,-0.6661700511860459,0.5385644193237676,0.022267842056754358,0.23843567235865476,0.11925439287383971,0.40357487110190743,0.48639456375253987,-1.9896398334496395,0.7479028604879143,-0.8441665535260129,-1.5702140869256778,0.001123893897946111,0.000754705013767233,-0.7850582482024885,0.9541827189615649,-1.1629731482431047,-0.5435116031354302,-0.7487670749594032,0.004493505860835266,0.27376409596902823,-0.8742614651897662,0.8000708897194797,-0.05011985971080819,-1.7923360803949666,-1.3850099787017391,0.09424270274486425,-0.16664644170807538,0.06776921449541357,-0.12421851226654042,0.07071069053153424,0.9405118918173092,-1.5753300768950016,-1.2322674021025217,-1.1548453122388052,0.2899298771954069,1.5409100964253604,-0.32971424867635446,-2.5300178215824687,-1.744544024376924,-1.0640931128775533,-0.42904746510642794,-0.10539358775682527,0.2707218104665887,-0.38106080849381596,0.8988620471691798,-0.6404873100587696,-0.9622875867279634,0.5590706048853111,-1.4360744768713551,0.3715238683604616,0.18588176666715525,-0.016048096845196032,1.501447382803035,-0.6106352002865689,1.8550339642844231,-0.2084286905998201,-1.1030346610510158,0.17306832940775144,-0.9325323423078736,-0.8847696805313757,0.29870125594665775,0.43756074193154587,-0.4243982703220024,1.0370794642884233,1.145232185386732,1.6967631394373963,0.6050918073953282,1.392539310383047,-1.4508696832861918,-0.17024252813991078,-0.8668992474709618,0.34073317945483506,-0.5578800092448016,-0.2668485336165695,1.3985463886434057,-0.43161939690349105,0.4581460085687844,-0.17849953060867618,0.11874585102573404,0.12433625860302165,0.5680409976555831,0.8730516404492678,1.6215429632465106,0.37422608274786534,0.6867786526114508,-1.1363687377813052,-0.18730172854470295,0.7035499275008185,0.6405532520119958,0.3741584946331615,0.6055911795990951,0.7222243271124946,1.3739895388172874,0.33765722451738855,-0.3169205503360973,0.2585589899889855,-2.6792050649761876,0.4212623139129711,-3.2137865869673377,-1.8725222122990488,0.32023219128938796,0.55461831453334,-1.0613608638259573,-0.8261196345620959,1.3301688663619728,-0.35153086506900527,1.841595712666383,0.07797582942127401,0.6201536985154296,1.6778678314603763,0.17725217540978308,-1.324595070175624,-0.0741687956945262,-0.23251845403047253,-1.4634729619029652,-0.21286618181792533,-0.48551200435723013,0.949492675157004,-0.35176532530809573,-0.36850926287625974,-0.16303268953158123,0.5287795807288098,0.6748881809288411,-1.101433001406221,-0.8313331250280372,1.162438393496638,-0.3425428291796681,-1.1714316649623202,0.32508709027526717,0.4147141344007185,-1.5584092489101828,0.492155688137369,0.6953065577985467,0.413767413600595,0.4523950330917379,-1.5278445633139113,0.43325942251846106,-0.15515692891475752,-0.5097703298446108,1.074367538111927,1.1019700089512703,1.9530528079560652,1.5129983322082097,0.02782846896439404,0.22880243539930736,0.6765232503912118,0.20619416952162437,0.25160285971648466,0.9685311898413556,-3.95134591730089
-0.23307935953683262,-0.8158295829902904,-0.7247884173598734,0.5639230254501914,0.04846889870163486,0.4928075061555354,0.8872612209862013,-0.2581202983906388,0.7697116693096804,0.8182442802877067,-1.0766239601197245,1.4026658589650682,-0.4815558736983876,-1.889794734961359,-0.9222990732464829,-0.7796227702560294,-0.10875225497347911,-0.23289851470702005,-0.7821507637340241,0.687668774065612,0.31360375350469527,0.4617013749879466,0.16264301094102274,0.6983335874132599,-2.0273549541032727,-0.5187360736963568,-2.1417048964713663,0.027922306341317673,-0.0337050907212632,0.8585251867174297,1.2826268817748379,-0.10740350860658454,-0.2994526738226471,0.46073074830751337,-0.8130073684385639,0.31714799729139204,1.094913704689505,-0.5984761831937955,0.8525031121777056,0.7801301184483417,-1.0738029208749214,1.2138691403275501,0.7662053465065498,0.2289239555486912,-1.0465847821959218,-0.8177575038108341,-0.5452089283310262,0.41240680877334657,-1.0453372582082145,0.2002555419528817,-1.264356801567908,-0.35001018049453003,-0.21527943706180452,2.096349293106331,-1.9388919673965548,1.6545961230915518,0.22314016048920465,0.4707798797313481,0.1128099924675949,0.48105026418675595,-0.04972845422321568,1.5218639615357168,-0.42658325976324135,1.097169445719049,-0.7331143196400779,-0.03262572474112961,-0.8799294552149942,0.3232508275044403,1.1487187617385455,-0.026787753389245716,-0.2699821767573043,-0.9796739064718654,-0.2017244231748978,-1.5030248038281502,-0.8015179581152695,0.6555002178978028,1.217283580720978,2.6682352652652357,-0.39440040134086657,1.246530629386591,0.09053043862253965,-0.11836400988072794,0.5246774116326562,-0.009641418076638163,0.263824926436643,-0.4825748735714692,-1.3718199039896384,-1.4243253468548365,0.6094688853340177,-0.2573441395255735,-0.8003891285656487,0.09414660962016518,1.1802557328279486,0.4006781238206932,-0.7824648427714922,1.0604150869596851,1.696776934645488,0.3355095715626259,1.0875353334065303,1.2985349314536572,1.121992712386813,0.6483298417831335,0.6854460826470764,0.31823891496145007,-1.0849230634148785,0.514225754956236,-1.3013025328157752,-0.6320541622596532,1.444476860904082,1.0102008562454152,1.8387734164581298,-0.3558309905350757,-1.6751890101062676,-0.02687914635405528,0.10257563794733637,0.12532504822844504,1.3564663742975605,-0.3611691106060236,0.28476723375789065,-0.681053697984423,0.5404949774099457,-0.061268977318278885,-0.5071712136533175,-0.22593896420477122,-0.286335512085907,-0.558415488487837,1.6538343304881395,-0.15430523610997027,-0.19045495524921616,-1.9702563555342212,-0.8441046216505111,-0.20158023416966034,-0.9211394952427482,1.3664058842021476,-0.1748300757835365,1.3259728087882412,-0.05536434598157856,-0.06134320342737936,-0.16917852509999715,-0.1744156228430712,1.770813702534568,-2.245135405984002,-1.645832389178149,-0.41063520945536264,0.0700771587954785,0.6691738565324207,0.3737933129216723,-0.3101557761362301,1.1080292824985003,0.7816947094451521,0.22569856899404017,0.9408870212011061,0.361102371836107,-0.45343313453542206,0.5250768823440994,0.21667121475389928,0.18911159674336753,1.0949306556903258,-2.517666124622882,-0.9676487213614191,-1.2448693752228372,-0.25341184486238916,-0.544417805300865,-1.680154286979363,-1.1105418725792815,-0.9271076194213287,2.1409408782532307,2.009042867009738,-0.48488146863915327,-0.7298284314770545,-1.2444340027519276,-1.8717155795912903,0.03700740490335782,-0.871435712905559,-0.22204734496106565,-1.3456600603746358,-0.6824415812708031,0.33233564621790934,0.41787693837460654,0.29966502211225443,-1.2846651947534327,0.9100635352298748,-0.5552623718444331,0.6025205982105393,0.00021287569944043752,-1.561200167605648,-0.3196788929946009,0.47327297188310224,0.8011789118370664,-0.16225270820149576,1.7221372323223272,0.7399027690306712,-0.24516846612041268,0.8687232352663269,2.100258717895845,1.902959495976445,-1.4601817032488615,-0.9958743332249601,1.5799798819265178,-1.053130566607105,-4.4419142412802355
-2.121627344090497,-0.5765329513215974,0.4485158679392778,-0.21403907893969104,-0.5618164362053529,-0.42468804074627703,-0.5181234211401186,-0.8256120232466376,2.0803636268285093,0.7133931079103487,0.8053021029646467,-0.38026536549031814,-0.05733201103886769,-0.8228956603683958,-2.371054667752965,-1.1365319360953117,-1.831672488659432,-2.2136172918929566,-1.7821389051427934,1.4188065548687558,-0.11124187147827432,1.6111095787000234,0.16374423265563767,0.8770923913472428,-0.7078006824583974,0.3777641324470835,0.5962128473446399,-0.45110706651866955,0.5612387708048475,0.45650501378944996,-0.4158646098230931,-1.2486168145787302,-1.0612507872069132,0.06197079055110118,0.29906720186246916,-0.5300344189110019,0.134291644282173,0.7044865487053878,0.6471576534399928,1.9014763500409777,1.166983869114472,-0.9361516574439517,1.6589181117185532,-0.3587925443440456,1.0021945251570932,0.1172952610610103,-0.441754714652508,-1.595357767127152,-0.29010806477964274,-1.764497483126498,0.9439535670693466,1.5544431358679374,-1.0706529343094342,0.2550050022436419,-1.0816785721424096,-0.5572826955985299,0.8266987181144053,-0.038288761428242314,1.7712917474615195,-0.6339649347940559,1.0561102652772911,0.07354875073995383,0.9189326307501701,-0.5547866965954216,-0.10435404670906837,-0.09379394570602544,-0.6328220192914241,0.531460465081425,0.4057297524527465,0.6552948215107282,1.7116788709397235,1.552778352457814,-0.3547417281856722,0.22193837364342134,-0.5087690268426394,0.4655547821922001,-0.40128195618117896,1.5557354058527673,0.5145894132286603,-0.3022472194955675,1.1253503289909885,-2.0641872869218005,-2.803744091687371,0.717582010213418,0.20498203341490764,0.2473073623927423,-1.2927893630825453,0.07190651531723476,1.9531176335493414,0.8897631346692695,0.05187997982034552,-0.3193931727067238,-0.0906325688713306,-1.716236612980395,0.28274525197570716,0.7127472406394684,-1.572823697373319,-0.7701336240658646,-1.1886437932050884,-0.8746107556089945,0.03074510652290971,-1.7911707365852683,0.7004237214421514,0.5775472468343368,-0.24018828087604305,-2.623291228989987,-0.9538327479497468,1.3473819598079733,-2.762022845055307,-0.19382240388543895,-1.4056554494786357,0.6975991834903953,-1.0849276434567394,0.6441645094667802,0.591720747387106,1.787065466859698,-0.1465617335201151,0.4387089657797096,-1.7273827952163174,1.19914622957631,-0.5797248213659919,-0.5833442132596804,0.2027001258333081,-1.5384477705852155,0.16027943172377568,0.5668663650439986,0.06545034841511067,-1.9363447272117105,-0.06697374669999463,0.759256476436162,-1.902434664208513,-1.07970513465328,0.5931743597784604,0.2989313171454051,0.4926451978553216,1.8482414549821,0.3073404394780264,0.5635535097400726,2.205006084626916,-0.38010289579968287,-0.56130244721575,0.19781377811257572,0.6730299551708493,-0.39379140688451153,-0.949225443964435,2.1964375462725685,0.25100427593232394,-0.6339616759880877,0.9967127923589137,-0.19128991641070045,-0.2549225920249227,0.454478599658815,-1.1166162936469672,0.47129751505544093,1.6896050074566962,0.5309116490942193,-0.23143484229352315,-0.8252052135500136,-0.3549082285697459,0.044422927088290334,-0.4013200760656237,0.8614562549036869,-2.08716969071357,1.0424470344087857,-0.5506770141044652,0.3904303932323651,-0.9686122818650379,1.5451153306531975,1.2943989234122368,0.5264480065806892,-1.6139999335763733,0.7238607213713423,0.7916345434581232,-1.4531453760258533,-0.1638422961735773,0.4633014935591799,0.6202336770292322,0.3667846566925952,0.35104574740696054,1.3189696362518757,1.1412602154839036,-2.9412870915351585,-0.06417900505505716,-0.11782502734208361,-1.8702848908820793,-0.08680286223574539,1.41800623884315,-1.2193513072315836,0.5123051889934099,-0.9500445059095796,-0.43671625984079665,1.1005264818057627,-0.5515907953758883,0.5402348584238549,-1.7585689691504693,1.8007386492851638,0.5006761677864501,-0.1422239416008267,0.6879183417605826,-1.4307494756985786,-2.1727278876828215
1.6234085994375191,-0.4168566819337938,-0.42903251196355735,-0.6253194888862327,-0.4965330608617852,0.8133998368964417,0.46620750781602566,0.8962641957946483,0.11236608032406027,0.9914552151182358,-0.3528283682992998,2.1295692298850253,-1.9197477123161468,1.4144812956102308,1.253498188762536,-0.6107624135653653,1.9048757541752195,1.0395164850933514,0.7413370865347979,0.07427329433799211,-0.3022563636053681,-0.15805684975896822,0.14422964710842184,1.5415698592861562,0.4752728611487653,-1.070735607442069,0.6862990180545065,0.7199077882585659,0.6615458125741946,0.6068910018801612,-0.14344642830671434,-1.0817845083970932,-0.7092617000639297,-1.660448893775026,0.18191711225431656,0.22927845290577922,-0.3328022069268055,-3.3674939008355125,-1.3960333134455498,1.3487533900769917,-0.7824651226510355,0.5462796995768615,-1.1272607625978235,1.4702645393625282,-0.34563621484831436,0.34123145511557096,1.814982528376183,1.2443261345910692,-0.4201449175302198,-0.8138860007814265,-0.34845502418781615,0.4401270309587297,-0.4180194362587631,-0.3440230733736711,1.8013298244271334,-0.01573830004548022,2.300292563340765,0.10805618952331138,1.818009467820519,0.37591018436362766,1.0212230361962396,-0.8040262665307074,-0.8534611065992938,0.39374203911973793,0.9930140528806399,0.07865476475130648,-1.1045425098914539,-1.502129329030423,-1.5360481836189352,-1.745199219587813,0.0801767865019112,1.23246293029818,0.025068810791237066,-2.088838970462568,-0.07073425694696399,0.29174052097326375,1.8727070329022124,-1.3231452347855128,-0.20700584408848888,1.4999742475691118,0.31520065765026206,0.5701727231446714,0.0920650566699725,0.25593926793280386,1.0501844577500523,-0.9270249193294455,1.136587375322663,-1.2564144160575763,0.2861837472871711,0.21721293465716768,-0.8228747751781188,0.06532658059060925,-0.33419686681871996,-0.7469488347993953,-0.4298721036992569,-1.067061363811536,0.3946719401466406,-1.2375259062298396,0.8080376765900918,-1.0873933288625732,-0.5974534402889873,-0.47148271394414987,1.3690782887184467,0.10856113731100485,-0.20088929294470026,0.3150103841795826,-2.027748454484822,0.10159696446371466,2.159668403616394,0.2926248024330918,0.11221567908878637,0.44659338327020087,0.8582018154215895,-1.8565805198057546,-1.7807973306567872,0.2494920104566727,-0.7222307539101203,1.45411053016068,-0.44602133198313854,-1.497232966233832,-1.04925319852637,-2.610046574068288,-0.004024805254894103,-0.17901378820922803,-0.5462140602611929,0.6681661354909917,1.0384015790479657,-0.24032227864471264,-2.134698091759815,0.6393403529908838,0.7153077613626339,0.41773768620297547,0.6948811166473995,-1.079017243419319,2.340099555559213,-0.7298750499836093,0.5575576457119856,-1.7976904445629351,-0.8827955959713483,1.2553441814067823,-0.0636993752051988,0.5642696163082918,0.481066922943918,0.037919686794325634,1.3837987792733866,-0.20467741722456298,-1.5185616159544588,-0.6999758955702876,0.6029577480299981,0.23967941255856628,-1.700480850755375,-1.1085695406189766,-0.4458591325822435,-0.25514235642936267,-1.4622837869667762,-0.4364274487807326,-0.6239632989495166,0.4147375899511508,0.937597510637963,0.13848133907029633,-0.4161563479145827,0.1850041418005566,-1.1307663818849327,-1.265909736801425,-1.0689898788571055,-0.6865164942949135,-1.0002645621293105,0.4011876227039779,0.7405352075379499,-1.8914846406899388,-0.057202608703379516,-0.27089885999735247,0.7000116141072044,0.07179010926263588,-1.5377194519504425,-1.034628042694484,0.09972514058264945,1.3912216095970371,-1.882138885454545,0.23042189617947645,1.106572695153362,-0.1327417154026769,0.8183972022004101,-0.6041482131433598,-0.1165710874302542,-1.806362497324301,-2.5716780794286747,1.1463933468608216,-0.8679031299720622,-0.4820521562158017,-1.1367082920315217,-1.1154549220629804,-0.15640851353733065,-0.8195302728447744,0.522431494520097,0.33274268563384934,0.19883008252192397,0.34091671350592034,1.6710618261647214,-1.0631341926948246,-0.1559299532435432
-0.22657950942317195,1.0170702633603679,1.6353332213230813,-1.6080464232322975,-0.24600080030380692,1.413458394082314,0.7225695116384947,0.38295358899099774,-0.0671178820709346,-0.16494226378014012,0.2743712957972461,-0.16175565340504783,0.13589130094876073,0.07472498965325192,-0.5913942957318311,0.773312671773802,2.5384142606106304,-1.7396750877944511,-0.012417662711725244,-0.7428677751227624,0.5761834345263045,0.14384665743775912,0.4985345714211763,1.299163747487643,0.4874149266451493,0.991417436115388,-2.2961465158714818,1.2431839836757357,0.3666989450441709,0.8856240809653376,-1.07125640884488,-0.9972236039896197,0.4206017579750896,-0.04159975333997303,0.2419091614535431,1.4799888800431231,-1.6595140892609972,1.1701938598685515,-0.020842718174532805,-0.3498132820993823,-1.592211770939923,0.7013463924930278,-2.054777346493051,0.7363771381523309,-1.8739232723213228,0.10264338289430808,-0.20026559732562005,0.947980976736946,-0.2969379860050881,-0.9131799731846447,-0.529451696738189,1.2845114385268765,0.1872807205271638,-0.3357628454993879,-0.4387658933964961,-1.5457494628460864,0.45371364819934584,-1.9867622665033509,0.7607855575502328,0.10081551998966656,2.386943207556678,-1.204927864659867,-0.04642272880352234,1.7938238527614578,1.2074284660203323,-0.7367459700276797,0.47753791869287604,-0.13229362502808958,0.06147803726320417,-0.6584580160973101,-0.1470431734504744,-1.4571681962617014,0.18111931709600287,0.28947547427963755,-0.1078331554928942,-1.0642425144235181,0.9385072036023429,0.38111064415085294,-0.5277716496201674,-0.3608617213518455,-1.8099084528717713,-0.9606898777250484,-0.795436792856431,1.146215851066786,-0.6199852010800548,0.679142729890622,-0.42430111807088217,0.3387786080432342,-0.18127806662430954,0.9406707668456595,-0.7321921015329169,-1.3667102182026634,-1.1455627502113621,-0.25215323710758936,-1.473805718331603,0.3153579280316415,-0.4225877058908412,2.1337032912920995,-1.8083873115659554,0.2762796848495161,-1.1667437942534034,-0.35287335231329775,0.25565722463155877,-2.83187989384487,0.2468753671990322,1.699815788330555,-0.42886975054581733,0.3973566838668432,1.1573039513418355,-0.007736409583541309,-0.6770263496712682,-2.3174103891724185,0.5432193643783195,0.10565356043898719,-1.0739957892023688,0.17034579512888623,-0.5747009948832771,-0.5425084593297125,0.5632525602024002,-0.9828423769323928,1.0928195217857959,-1.35825175688739,-0.42217782310300916,1.909173721034611,1.132129475418774,-0.22403805649404698,-1.259769274493595,-0.6694172383197518,0.1356816865674482,0.08203481520973772,0.020106734622900784,0.049668242139877895,-0.46417155422745937,-1.3451633593318846,-0.581594603235133,0.9840861500742828,-1.3302428748713793,-0.28967454266230125,-0.7890756430692142,-0.07274998312759862,-0.1820653540177498,1.1310983878274798,0.7372522339159443,-1.197407972500075,0.7094507666420777,-0.7119546492913459,-0.5078769804085332,0.33930373700843874,-0.5229515480303016,0.6644081738664174,-0.8286996899300476,-0.9805289691810121,-0.5163666965701877,-0.4576371385820619,0.9097345575683063,0.6746305627458921,2.0922864366751095,1.8655713792615598,-1.012445223796144,0.32653306316327413,-1.2335387406577372,-0.6144234199511182,-0.9361825699596127,-1.1628613102952579,-1.172244787407475,-0.16438382164316945,-1.0464553939598933,1.0680545374416541,-1.0281007849104271,2.2828947427116177,-0.5389497164601436,0.0059435956142760826,-1.6674942745961527,1.7180610258382407,0.935602150070153,0.4010441670010012,-1.260447907769651,0.4069737980422514,-0.9081194343732665,1.3081060858166924,0.7441615848814245,0.12437601154443434,-2.2195904792937493,-0.8573700276785096,0.7503623820830508,1.0348088763749792,1.2630114624181485,-1.8085861714887115,0.4759055203977493,1.0135885810560579,-1.4030695239887074,-0.03940386091268959,0.3234005156319465,-0.33027915563417437,-1.7392431867477534,-0.4776311162220904,-0.4954251644893281,-0.10272436911827039,-0.4294173410480958,-0.3922150467790986,7.697071500408299
-0.2038130592954622,0.3376138652912076,-0.5701007048601402,-0.5386734469889363,0.13191312899784866,-1.5522704296673426,0.6910097494565489,0.16275006708866296,0.15402847195380384,1.5684087696354685,-1.7135231184292992,-1.7508995507316716,0.5622638551006741,-0.022402822971668745,0.17348513181591485,-0.22079072346384107,0.45746121495187914,0.9765128254915735,0.1739106315701736,-0.22517868403724164,-2.3921104840501486,0.9962215375372084,0.9373306270932932,0.7288639776362138,-0.6845651839704605,0.5289756435756126,0.7202793020967238,1.2184501519587883,-0.9527131750904768,-0.20827407738910034,0.8520735306237386,-0.23255402098148553,-0.9868268225681788,0.3901674487720955,0.626411364326959,0.41283409777684427,0.3275066631070512,-0.25311747231398135,1.5891661092104241,-1.243463085155341,-0.7048476491196365,0.1657278472554473,0.9296887365991064,-1.2561935859927669,-1.6678102458778574,-2.006270719848727,-0.07509169231104162,-1.0064371934827887,-0.49526176210650086,0.4205180889247696,-0.6643462501438553,0.13178631046964484,-0.6011733448454515,0.5730222964107636,0.4968816012882521,-0.6240960595792786,-0.08459885431228631,1.186846177608335,0.3941462478758116,-1.7342693246513554,0.7264572676282535,-1.1883537936534223,1.58160173388217,0.9840655036442468,0.25446593849236165,0.20816823045835814,0.023977191449287335,0.5479943479454161,-0.5486468563424921,0.29134899814065274,0.9515983739904234,-0.43365718530997344,-0.608189104620118,-1.1534171690046426,-0.954932015120811,-1.2634444687008675,0.7202791281878697,1.7324085352269394,1.5300883106345955,-1.6212615093237046,0.6146612831546419,1.3976891260391286,-0.6852446922453572,0.02952871725096301,-2.2327309867652683,0.26535541297450493,-1.0031356097673862,0.2912337707523848,-1.594128974230722,0.5966131245412561,1.0032108651733658,-0.6373615309066063,-0.8837721554507766,-1.7408242042936548,-0.328210640964064,-0.5901308379646553,-1.547328650490317,0.2957802062185526,-0.43299535895195423,-0.983286946967548,-0.585571635790391,1.0616528708724888,0.6897633674117714,-0.4011168341137685,0.6284765203831855,-1.3217124003695961,0.04081841378348804,0.2875378126252793,-0.38321019991424443,0.5998912031284044,-0.9196510211298579,0.40909776727076874,0.4329546435281699,-2.81431281336645,1.2512391085121493,-2.831380616809097,-0.6110994707185706,1.143107914565175,-0.44833495612995616,-1.0931185474539025,-0.8880175104524689,0.8866553120490277,-1.6503671822116746,1.1239213654125255,-0.14673795898966607,-1.3969434591617014,-0.8757665420945328,-1.2528308944977984,0.9510452182321962,0.7500272131828722,-1.731571449840684,-0.35359956495747624,-1.0930150951139672,1.2817102278100498,-1.546043562320784,1.6147817881375235,-0.14005620921869083,-1.2686907592369798,-0.6682440140956614,-0.9357346371016856,-1.0030764781196075,-0.09825725375133625,-0.910771994280899,-2.086469900186077,-0.3137264189406124,-1.681455406786742,-0.6549484494585677,-0.798467593297104,-0.9326085101125011,1.6107199222746296,0.08529119707979994,0.06948952613534382,-1.5742486228801542,-0.5469877042287006,0.06265913088371465,-0.7865433539808082,1.1990895002833397,-1.4997456769328024,-0.22350848795251707,-0.24439001089422194,0.16377496473804348,-0.49495684588015465,-0.5614098275522313,-0.21941855818282477,-0.8786606646028122,0.5055441335975712,0.21588049943202098,0.15537983010673775,-0.5049663731693613,0.371644859949623,-0.3210319397594272,-0.35316973471098934,0.3574819954305184,1.7089582620701111,-1.4288676621601717,0.8364870141159201,-1.8004433692530573,0.4149216106876878,1.4953962469112594,0.3683784757075122,0.1358331257938777,-0.5543538700288779,0.29030541671367804,-0.19677925052158224,-0.8325756783796807,-0.4718609410901962,0.2516958562398669,-0.8470604211549596,-0.6812358917024507,-1.4018957225581474,0.6042998331731254,0.38518505412690296,0.2781912635255521,1.114081708769792,0.2282250640239309,0.26971572202956384,0.18060786394790523,-0.03786316633613064,-0.3973892588266353,2.462084010845315,-1.296525280528332
-0.8201112282505814,-0.7534105657852793,0.4678902432183786,0.16025305288974698,-1.266107424452378,1.200511844176005,0.11028927669656793,-1.0858419646912087,1.141358300773981,1.1364569755041962,-1.1029947820802346,1.7118043152171434,1.0811000397858745,-0.025892059140589185,1.453959949142758,0.40053847465893405,-0.18298242387885075,-0.620284065927435,0.2879046981729766,0.5393177879072902,-0.04589045014942392,-0.8428282094939858,-0.10442673392964388,-0.03843831792957885,-1.1806943105116594,-1.6362205060478587,0.44226722282505415,-2.034489646185918,0.1877943687618253,-0.4193116899859255,1.4005524809752001,-0.7068271270847039,0.9927530426385865,-0.42157517496832836,0.021660136688554592,1.1076783391040799,-0.3553954099354806,1.1964490195415967,-1.118257388930764,0.2892538135641334,0.8112115742280228,0.8722312156841237,1.869955383411807,-0.5746587385786527,-1.7458668370777808,-0.9540321279422277,0.44232885299028846,0.37424561886357244,-0.026355841830046127,-1.3350961066099303,0.7435891650962684,-1.4795341281540588,0.7747777215993937,2.450593355876522,0.3539825928673853,0.7185551973398021,-0.3978587676649524,-2.043811997009438,-0.6247936757304411,-1.3685152692061695,-1.2901240819091517,1.808305488417069,0.35707071910677435,0.31004728450464447,-0.3786278979868949,-0.15731510539775576,1.2532878587248442,-0.16682110743597303,0.29397899524924426,-0.1474115454569424,-0.43601159762733993,-1.268378957046893,-2.0385960139051975,-0.33491391213635774,0.17949024296674632,-0.7571256156944043,0.07555344718805852,0.09036760781198845,-1.8956259273380498,-0.9552605832017597,0.2686659298694748,0.4003374847372827,-1.633241192259702,0.0860090741459962,1.3386961753208622,0.830773400315212,0.06393200159528531,-0.3657689491482675,-0.6668362857325536,0.5184251284920187,0.0801452867817941,0.6678494570117374,0.4718323632367179,0.9858273779409237,0.09265973304597049,0.6572438033886595,0.9626385765066171,-0.90701245514436,-1.8836104033438346,1.5954005637064779,0.23668313850218575,-1.4567588471989332,-0.5487857584936808,0.5974987596993038,-0.26871186423092197,-0.6818182290414766,1.3639198204688563,-0.8787514746940306,-0.7215771356669911,0.37274812428588,0.5045318564717662,0.39590579701829065,0.8775410816191687,0.43029464988488436,0.5114227331117535,-0.1944936251678623,0.1521499676871729,0.14741491405607743,0.1347819528095832,0.8385810503082393,0.6374790538113752,-0.02320704378931836,-0.5650413922378621,0.07423491092260155,-0.11744534925737722,-0.13713609728709866,2.121391100780978,-0.6628417972843835,0.4945606670165896,1.0730475770557195,0.22329191569672532,2.612208344443319,-0.6227990046027779,0.350781231815813,-0.9082055894124901,-0.17390206018456586,0.11155039956744539,0.753255663115542,0.17673848997297814,1.0121749022434823,0.09006626031370572,-0.47793452439324946,2.825101390323425,0.5488969712597338,-0.6445660016247842,-0.6361561771429327,-0.814911892821389,0.9186927175372577,-0.3854485977750875,0.010685063088153425,-0.04661776306041565,0.6600554044045477,-0.6961769104353502,-0.9734952438848686,0.07127918464873559,0.6500288018950388,0.5580192719864809,-1.118403620522182,0.798076154998097,-0.38163445162931325,-0.5511415660939631,-0.7593590831972468,1.0788475905639934,0.7797865854174844,0.35983267427824717,1.316763549133996,2.449106208075255,-1.4337753479111306,-0.8355311518051798,-0.9696496214310748,-0.9427722209353318,-1.0841560322531982,-0.22735151527262962,-1.080928568862212,0.18156316142148402,0.17526923356559498,0.5460624538517254,0.7643594301226837,0.6289442437532868,-0.4636324370169775,1.9939793755589683,0.26820850073746955,-1.6358208861294243,-0.8744953344623027,-1.8578301031146758,-0.1638512678329469,-0.10383062886145795,-0.49873717524995775,2.2613598317509136,0.5392552356730373,0.9328494911686598,-0.7479136800429877,-1.0409460295138064,0.05486936175714233,0.31456873500679733,-2.071451246797039,-0.33797146346748497,0.08330858269397852,-0.08772571554907262,-0.790071562208191,-1.7343477643971592
-0.9510479842359543,-0.27202863534097566,-0.014546125905161411,0.5331568958561008,1.0549672121940559,-0.081118939293373,-0.2576862024897622,0.6555204514647102,0.6447772518527423,-0.2299164171780011,0.7198216763347502,0.975512222419502,1.9340124783457686,2.0007498213132813,-0.7612276905615144,0.2551612826766757,-0.1465771408069314,-0.05669586424226459,-1.1460615604309905,-1.4948621304226817,0.04033559688093194,-0.8173155444719117,-0.14634932985124652,-0.816360995177145,-0.9250866359344297,0.08546700841808628,0.05238676487932247,0.4526264835223366,2.276263299111751,0.2142097305543747,0.5957234870546684,-1.2096962143217271,-1.1757589484860311,1.5586865047057494,-1.3275476032813323,-0.7992648323821357,0.06853406264006813,-0.05851925912512704,-1.0183803761365702,-0.4795712062525856,1.1191864772757325,-0.7235668798442836,-1.1299678974304892,1.0095724476739094,0.37575118349506986,-0.5770466734725617,-1.4061413783161387,-0.6872144656439872,-0.1775451678350617,0.9166947659288396,-1.059252385904027,-0.21770728572534753,0.31828892666249026,-2.050360207008594,1.2314597256071405,-1.1406227206674837,0.399142156628768,0.2845797945025821,1.1012074265082823,0.608792546830198,-2.182341826085516,-0.8682604926496186,0.21238413204889914,-0.29102281937585744,0.45290665507303574,0.9080518723707476,0.8802795110268931,-0.3497710168966554,-1.927884233960806,-0.41120918764619635,0.43092061909160706,-0.9558012267580941,0.7023597570256042,0.6916817840091863,0.2507050451782645,-2.416936163614295,-0.9734923802676455,1.8047027647117269,-0.3560933164517067,-1.956677715708822,1.1707023293061207,0.04024445084735275,1.4393190551950192,0.2034380143517227,0.6741605856587672,0.37201934929839037,0.9375933974454622,2.3360122001473553,0.9256734286263295,-1.6157004254491119,0.36010872035942865,1.1410024015190912,1.6159228707935407,-0.15566180459424625,1.340504162158432,0.7878474797185283,2.7262538417843722,-0.8548615403237932,-0.494334425039335,-0.22558242600682657,-0.5203469390001324,-0.71142543715646,-2.4759521952123666,-0.7384618846648743,0.37917234207017925,-0.6632387060470665,1.8806832325959317,0.15676671815944396,1.4315571091833423,0.42346784699235757,1.034792399681436,0.18340648955022684,1.4435698506252077,0.28175572674623994,0.5185333300237871,0.39705360074324914,-0.24253027249451023,0.4701023833416389,2.346492178401955,-0.06132393528522736,0.5119512815113287,1.1004186620387473,1.3369294791527946,0.018893405376919144,-2.6648593507436296,0.15701894772752029,-2.633852092443755,1.7209122686598624,0.2345994066080899,1.0069235447655536,-0.8526073380752762,-1.5965469502166136,-0.003664073153738495,0.007291088559252101,-0.5527047935970162,0.22502282779108965,2.3567928404553453,0.741396749688575,0.7961660283049431,0.6197277323970471,1.5490324186955593,-0.3515843385902554,-1.6963948584865618,-0.0476819871979566,0.8462512787563974,-0.8959615133485834,-0.17149999957295342,-0.5962670926529307,1.629438351387913,0.5419471343813189,0.7399167510355334,0.5265539147209426,0.06840256225603643,0.314424931144524,-1.2794985396229968,-1.8134175942132678,0.35479109346600185,-0.019261315127929002,1.3617089304786203,1.6318584676270695,1.6290059653967568,-0.806469359466917,-0.6463116357983828,0.6038734400692787,2.141600950160775,1.56465587257864,0.9801742403491368,-0.13798704675567608,-0.9910055348870351,0.3643947831955057,-1.1953580840592306,-0.2884418604273053,0.04004803772545815,1.6096717944737449,-0.4814301357079529,-2.1181784069012313,0.5692052995482131,-0.6874447017335856,0.12945781219394256,-0.18692754241982368,-0.28745354266777184,0.8434775614942032,-1.300527093631538,-0.4360951738505883,0.7463632823210891,-0.7969137645073439,-1.7549577119454443,0.8267258926805678,1.334012903865937,-0.06465490083192246,-1.69942453306958,0.5084773388800322,-1.7491089649128506,0.3651989946935046,-0.760900973776827,-1.3462181467658572,-0.6181810274140643,-0.14313918115658605,-0.5086172663876118,0.7160430552634242,-4.960190005828839
-0.8113183433645254,0.8669527611536881,0.25305383034331663,-0.8428695287108151,-0.7629327777546657,-1.3049757321877198,0.5016124621304494,-0.23534507636362698,-1.918332082422948,-0.3607870364625508,-0.7805475290228033,1.5257872815744578,-2.1014757650186184,-1.6475920396195955,1.0209114771829912,1.5978195129083312,-0.8460523111574734,-0.5920014406320254,0.3279553305030539,-2.367285859404539,-2.1196163922297973,-0.24218174804429238,1.250451571232936,-0.4314908821654055,0.3874042406832356,0.9931702789426934,1.8933650164941744,-0.45126435463992587,-0.04657444575204513,1.5097851442130639,-1.3668457379815229,0.6027049271610103,-0.8765155910846965,0.07794179661276583,-0.4418960115943523,-0.7072443228825107,-0.8765226733806155,0.3648357172991103,1.060447332321438,-0.2548643546879544,-0.044758348793996226,0.7755019681847252,-0.7474652196302566,0.8211574042549852,0.7465163668735001,2.674430394106552,-0.41204448005577626,-0.4424329028031671,0.6158371514802701,0.5757052766912586,-0.5579265555955389,-0.5703448568484074,0.19184166430658975,-0.715477929247803,-0.6676731965762315,0.19887104816151338,1.0406648107820642,-0.6790649508538804,-1.8928882825216227,-2.35932522706017,-1.1102089925116836,-1.4323562606482922,-0.10224050076797254,-1.3305870397330772,-0.794834969869806,-0.8229660546021945,-0.21849006070781013,1.1955570687632737,0.4166646766716655,0.06825452096011975,-0.571874897508774,-0.3066633920097301,0.38348281203656137,0.40718610987453896,-0.7961943461606329,0.47781014461782734,-1.6091310002547041,0.23814815069744136,0.8957262894622636,-0.36036353204564714,1.803970224075003,-0.8217688665885087,0.23198759032694907,-0.10649053283810454,0.015507585495362861,-0.15683095724934396,0.28697289552141125,0.9292553727456258,1.3304105082460813,0.028625064973644504,0.7703917700162155,-0.5621369483365909,1.1492964067744178,-0.4630728038450705,1.2539013264082515,1.9590948992820092,-0.06639758021850085,-2.234595945672822,-0.537775064664087,1.288606165821094,0.5371291532911279,0.3181945851454562,1.0713968041622568,0.2792563455755814,1.226035385919465,0.729907456493927,1.4807293754253272,0.4939982316476214,1.0339786848006138,-0.152872376507313,-0.7019618060543414,1.5806715114276544,0.017718513302555867,1.0616736361018657,0.12548898614635967,-0.5040126155002014,0.09399613567279466,1.5885983913052515,0.5073367158367298,-1.3047662372944948,-0.07526265809883972,1.5860620693330072,0.015809482102152557,-1.7734377867826023,1.960253791982235,0.3076688980626748,-0.32449540619113915,-0.4806804246665966,1.1732810190574405,-0.47502875539498907,1.3531322287007186,0.6695950300350878,-0.019241905187305158,0.17929727773742551,-0.18643493420812476,1.1039101876143607,-0.8818263979870928,-1.7318213117242025,0.42720954761990576,0.41867431010886597,0.6230897167979527,0.17996961744203036,-0.04863455716715154,0.9514229703042945,0.011576472679392357,-0.44083286507241937,-0.2852896911207191,1.927280549207052,-1.8650842219586885,0.3287325594591517,-1.8237351571390323,-0.3600876584666687,-0.3059823565471169,-1.994679430437805,0.22915812360280066,-0.21695594496614198,-2.1506385189442065,0.4807134669872159,1.6009722262362298,1.5612300305787272,0.366656717125648,0.10322023656482988,1.1070172166374523,1.9851529266171877,0.8485934949786795,-1.0130026363224869,0.1837444615965269,0.6732586217618319,-1.985558292810556,0.061003313996196726,2.2153506807277403,0.5444676844419987,2.3371747845753346,0.25935392103292554,-0.21086620510304013,0.47871137238161227,-0.7356656086982656,-1.0059612854069984,1.2201692501953258,1.2212325325759827,-0.9708813339303312,1.0273227473150506,0.1702669217591687,0.3378253715277555,0.5059595541180234,0.8157069812593504,0.12326676882990589,1.6912717317368942,0.484115908549197,0.6157140952948422,-0.5947839065441052,1.6233811520242178,0.5334482379679834,0.8263663937924062,-1.4918164735188064,-0.9951588028360497,1.1810883692645668,0.39632157053442296,-1.7540212914916689,1.1989844101107368,0.6379243635078827
-0.9573981009089676,1.291346344778429,-0.26564722969647375,0.11043804029046979,1.146570556521207,-0.6266343552629932,-0.8032937301741047,-0.057576242572439026,0.8306520420345753,-1.3858963074563972,-1.4609101413360839,0.8316279502288548,-0.6193308533109627,-0.45878578045890184,-1.6542822876886414,-0.43760958085058327,-0.16400711699188122,0.97424636425205,-1.2881255832502945,1.763427417726146,-0.8188764336492284,-0.7167497367108144,1.2384929945362335,0.2636663288121738,-0.3264134418456806,-0.30751999538888175,1.183868059218508,1.1460427262939714,-0.8901612418129933,-0.05393818520667345,0.20959542828117922,-1.1310741313567154,0.19596934951837847,-0.019233148434977965,1.3568628635492097,1.6116065155881913,-0.2219002460885637,-0.20143729646914038,0.6976502472033155,-0.8388918780485979,0.4758629772743695,0.0580823364425853,-0.7454530808554278,-0.7542485803327018,1.4581439587853373,-0.10901522623384384,1.2500206160208351,-0.4898909663260737,0.1556446874362066,2.12394926880258,-1.0800501450117177,-2.2244553407660757,0.8952115527771461,-0.7148119540365391,-0.15508983928539366,-0.5124590751249348,0.33746499557281484,-1.0706637788693312,-0.1923187120413206,0.48717109838301204,-0.8693802303753394,-0.7778417640335614,-0.30937011974906065,-1.5815459549327897,-0.49864736354062056,0.16561245534634697,-0.17558620216993429,-0.4071902123667846,-0.22067485815932483,-0.6148060757541844,0.7448755765383276,1.5395759442151205,-0.4486999761629901,0.32034257906493613,-0.12017728411024779,0.7850070955400058,1.4254424604357954,0.5159556095292824,-1.529657601379574,0.3272807705387991,1.1681054966777378,-0.18615047084809122,1.2906225152183108,-0.7548094052144979,-1.6170992983082428,0.12623566696519117,-1.7667514073204285,-0.14118992230464056,1.2399618802666967,-1.9589507602257092,-1.5609674819148476,-0.8672982253881809,0.2632839893204236,-0.0998524642241092,1.6135312852711934,0.8121378868377317,0.573423392371068,0.0017752612317331645,0.4675955355528242,-0.7728418937563313,0.8453955226361003,-0.9121392413073817,0.9083978938713962,1.0561910004795751,0.2209598800914549,-0.3506057294512157,0.39654913628413624,-2.6499733525621063,0.41251907036972296,0.043556629480195626,-0.03196925463638832,0.601639625026685,-0.3422435801421999,-0.9638638616603347,-0.1543666415008338,0.11451315272055006,0.2108887605226089,0.206414840903632,1.037599331341998,-0.7651023310007482,0.286427779559875,1.1301867399622472,-1.4680193383541258,0.18498294343001864,-0.7202499791666216,-0.6498432899746205,-1.2213892019424575,-0.2393206841195452,1.953635993828968,-1.1694968788365612,-1.1403766335830154,-1.325466114300892,1.4178635483972122,-0.404421805804077,-0.013663600093521161,-0.2207815412484703,-0.952326194087175,-0.3355809037241581,1.9908688502947554,1.1378516946908899,-0.6123200159583773,0.39323649496225005,-0.5341416167375336,-1.672936593373853,1.0485444992760338,1.1123290867050786,0.8548657542805138,-0.38981354129069123,-0.17212701290007704,0.5422106227422078,0.45387487759747097,-0.7068116307441241,-1.425651512387738,0.2297716096715506,0.8903932072291572,-0.939489577407092,0.8991185645310703,-0.011938407223820906,0.8750920390294789,1.023634976834838,-0.7313943995305418,-1.3457369732323252,-0.8354300794523439,1.0736190819450004,-0.7007679680151601,-0.749562746829344,-1.5709863651073133,1.9609014232086175,0.8435935588676449,0.34634408995195765,0.8957474003918339,0.4845124369120575,-0.14733172072594314,-0.07265140028667609,-0.551471595566298,2.5535094329936836,0.6200723386581883,-0.4044570644888677,0.5063757544643332,-1.0788598202381525,1.4065451906188975,-0.6584775842901788,0.7684346612539751,0.9937336312545224,0.4249187934714202,-0.08651518198411066,0.043413016374855715,-0.01845619128327168,-0.44143430578790904,-0.47590667081620147,1.6710105696227397,-0.11663657274979464,-0.8122858868433117,-0.5761902241049878,1.2550484189496594,0.5650225003864621,0.4553426480888744,-0.22829806336642927,0.6857758771378323,-0.6076426889141013,-6.316295931739045
-0.5325710611976051,0.856728572220817,1.0867572619726023,-1.1433088187902751,-0.7532088132980816,0.2834199871472165,1.9608602855640818,-1.9906408143463845,0.3590739342270444,-1.4441236173111003,-0.5439704245876436,-0.2651971637552828,-0.3734253589668397,-0.6192044619460547,0.026532540875418547,-0.293907957670684,-1.509653637173103,0.8233736038433964,0.4871060027782542,0.9193429515111405,-1.7653577403993126,0.4414974577057822,0.41659468563912777,-1.0710966968055589,0.2870883140651512,-0.26829865823004095,1.6441938294341492,1.5043474853889442,-1.7839513115838974,2.0732754978252097,-0.7733924085825379,0.5623201497699352,1.3392594000016749,-1.020508348923717,0.5153325685008263,0.2034871499636189,0.6626253948668638,0.31201309996774595,1.2803729648088464,0.008181712173021953,-0.28370680853357944,1.3468532363341712,0.6591088188206943,0.8138408173444549,-0.9357827030186446,-1.0053915316570246,-0.5699855162813354,-0.5814551459907206,0.632436842405794,0.7300599857886483,-0.1780977276904072,1.4594079689843253,0.9724678272009515,0.20468168168179957,-1.20856650632755,1.7634390073951876,0.01940086793190824,0.1481543511653974,-0.35564528030864717,-1.1242056563145961,-1.310873617320482,0.6451884922856549,-0.7778627053539534,3.113014206004673,-1.2000336345678977,-1.3580607204718929,0.77729808442233,1.4035166562640162,-0.14169895142823039,0.6336276645686737,-2.151992062931477,-0.5479402445133594,-1.08874286019265,-1.7682402429504755,0.24069965153247724,-1.6504043234269183,-1.0106991952199735,-0.4624919662137955,-0.6284679739111886,0.2733352734317595,0.15788787585775702,0.8886222526897799,0.9597102330641604,1.0594074546955017,0.13145463888303188,0.30605053314148845,0.7326436676483393,0.23417674895690163,-0.4358235582344539,-0.31542623611555937,-1.0468669751646957,0.47585653418878526,0.23048857230353134,-0.3724977010678489,-0.7896811709112028,-1.1642105523908917,1.0745876848041056,-0.06231969570693593,-0.8739234218799649,0.8718311846855901,-0.5915278930821937,-1.1783338445288785,1.0832051102296008,-0.851839993066692,-0.397705023058481,-0.13621342122109534,1.1141979239274924,0.1632702749744583,-1.1348147808427933,0.7097959006158926,-0.5602949058195805,1.7579876441055031,-0.2511324956689374,-2.1039753244166746,0.37207794682310313,1.8895479670119928,1.8537637810692331,2.017072177685159,-1.2177485563929122,0.9590467107484825,-0.5440925453503889,0.14352031114699523,-1.0175876980923984,-0.6300863121876766,-0.8185270324547846,0.5042104594939187,0.6110090514551584,0.29437647253807037,-1.3282574803856388,-0.25360552206097037,-0.6847917768438311,1.0238778703001754,0.8855326609201142,1.0540010889877,-0.8577768796947399,-2.3579151730623327,-1.6856190522400725,1.332505652290239,-0.43416263628515694,-0.887626848119576,1.7002623637028436,0.9423836585325805,0.2791549038959309,-0.1549727216361972,-0.07268324140768267,0.23266309702697524,1.3200106009139019,0.4403870837227297,0.7917040872077364,0.9004630181332015,-1.263371330554251,0.6884458850291992,-0.17463939358325686,-2.4307545997420674,-2.1832086840084486,-0.7808771811476035,0.779336515511032,-0.2230909561030257,0.2754207598058147,1.9619977316250234,-1.3303634019675414,0.03918842342164361,0.038880697525971765,-0.7941348418658154,-0.17339701151771342,-1.7138346515981238,1.232196985029346,-0.42611030656072774,2.1379549747374997,-0.41545976134709234,0.9567382142306213,-0.1128905524370074,0.16159325081020362,-0.4751285019771499,-0.025982501612440964,0.42045539236378,-0.7044656981686925,0.0030898783767606794,-0.45234765997220294,2.116212196126787,-0.11219286679921465,1.6246582959506293,0.059734104956851566,0.26509527565765084,-1.4076340287731064,-0.6294669785931141,0.2651907921789685,1.8962635922209405,0.39279452478932786,1.387950575289608,0.8492172063614457,1.2156537611062328,-0.03337443329397341,2.7399862987922288,-0.35314671866087954,-0.9365961756918546,-1.4409581856326257,2.7416137532064124,0.9271765236226376,-0.2752450038539262,2.3879577773612506
1.7228128378402925,0.579021778310917,2.621527101722194,-1.7412477047332353,-0.20211699732022934,-0.23322380080600186,-1.8004258238462727,1.3557051773074773,-0.1124093452539225,1.2833665618120744,2.1119281073341156,-0.2548721245000021,-0.37429410644834804,0.12012480720894923,0.9102507944356653,-0.3253605738530258,-0.7405925085347859,1.1013649009165587,0.05121009905647301,-2.0745507874460936,-1.4167552264748307,1.8595901256386962,0.15510493287450425,-0.7821529759312615,0.09076824114561127,-0.1376129739152777,0.6028193410902767,-1.0621935036094738,-0.9156346888427068,0.21057504723642612,0.02383604390366897,0.21035575872150042,-1.1118084678036368,0.3326647870059105,1.293611205966328,0.839947386587588,0.24694364866768587,-0.0650914051185173,-0.9442810992518051,-0.18082727588146888,1.1496391160707682,0.024205525100309152,-0.6733173730564183,-0.32282820453197814,0.04534446283570876,-0.32794810970784616,0.2979703545891993,0.39553453403631667,0.7314411860855136,1.1704311375827308,0.972503431767168,-1.1580797435679466,-1.1712563206409847,-0.06954084232150326,-0.721112430238169,-1.0941591970403186,-0.3484186719179548,-0.5318089076927044,-0.6955073884738837,-0.43375499345596685,1.22789524925801,0.1822544569484299,2.71979344632219,0.0912573099249188,-0.358589253870311,0.03865953940994112,0.5116069009912658,0.30337108888565867,1.739075529218915,-0.8075398275965795,0.9368680116829108,0.32644257420558553,-1.6113813273385944,0.5708595534995878,1.4051519163587425,-0.35660704749765554,0.09709846622461067,-1.5740749084287,-1.0374112005300375,0.883749845271121,-0.6831543989248429,-1.0410455940597052,0.2483392090500809,-0.588636975608947,-0.4211816276777095,0.7889524000667358,-1.1113259634880162,-0.7962075637839978,0.11274971094118527,1.0410681462805695,1.2409835928779958,-0.5282217484982524,1.33244618576369,-0.4833759150392989,2.11142418794487,-1.0942517830806489,1.436947625586174,-0.7654175218374083,2.197875414736066,0.6579664767789957,-1.0532862202467999,-0.3789427178615136,0.857421005050673,0.9083772554717705,-0.0601210956081266,-0.1327831725485698,0.7427115701416223,0.27238192890630536,-1.2320918110213424,-0.6656526673165929,0.31559375272065926,1.09980067785817,1.7493770972012876,1.0352739512349873,0.2981152715293665,0.7587487011866246,-0.6681135281582391,-0.13547689869655113,-1.003477158554748,-0.905496072367948,0.4324645004675419,0.10761788791205253,0.8953358158503694,0.547431178699744,0.17528489819439422,0.19330979376846996,-0.29513262258140066,0.45706883265370185,-0.686334553350525,0.4013527778070402,0.8369324447950163,-0.6414667347867725,-0.2061568178052537,-0.5592815206568967,-0.5931597690303642,-0.8812387013129526,1.0180633261581167,0.9741342401819578,0.36190347271392664,1.6862151670141532,0.0026999658874854744,2.5132174903729942,0.03973928827773781,0.40657110057445744,-0.3313502695445284,0.3695380370613785,0.678178544000015,-0.05864897492166905,1.9259817261619032,0.10614980017493117,0.3207664969215664,-1.3328983726754848,0.49886338579031964,-0.02101101316111307,-0.7265831315424217,-0.5673180189659062,3.1636349859729505,-0.5889501552645493,-1.4642466430846222,-0.34194247096074326,-0.06125990132292696,0.5393917437250018,0.3001039217025874,0.8294198410861816,-0.7958767962414335,0.35157094865656696,-0.7509265520973671,-0.36534163957224264,-1.0280529445144735,-1.5129332540060991,0.9932912686622404,0.5906238620055118,1.618689141119217,0.1218303345814142,0.6061979419081133,-1.4939717499157155,0.9236647576577992,0.3666143779538631,0.6504280307555143,0.26352245380389294,-0.9670220265759074,-1.5245958405480862,-0.46558734003188856,0.5411535897257324,0.752865333907125,-1.5527329695850827,-1.0579680972050505,-0.7957880637548547,-0.2122761533672219,-1.4037333376894883,-1.1715932755450051,-0.6640760147552381,0.12234917075960243,-1.3341155196279366,0.02167329923019815,0.9637824436945238,-1.539209168145613,-0.16969776734464204,1.1285774362919272,-0.3656355512631041,7.250426338589496
-1.0020784413490962,1.0473951860908066,-0.5725961961337246,1.0611300066467708,0.44623766382186525,-0.12498204311889294,0.6937092713722688,0.5237238963463543,0.9970929512970432,-0.3770702664248077,0.05526010621237692,0.01443291831827415,1.142216969732735,-1.1760109508187808,0.9370585436346791,0.7075221992736216,-1.3750489342103251,1.2528043405865645,2.2123905156350596,1.0838257030134602,1.5153727359673377,0.18962633632255607,-1.8137529778379389,-1.944265110510633,0.5559158652645705,-0.7483540760292946,-0.9504737592371897,-0.04932709976932077,0.6203404279601558,-1.2367588357544401,-0.31743212616047173,1.0179273104929563,-0.9399901253333651,0.8454315296564684,-0.7568306447081433,0.9031008031261747,1.2062290104749644,0.9016613853769222,0.9658402556758606,-1.5651944966072167,1.0030030888321586,-0.7744000322862448,0.3683221556321255,0.3740838104160644,0.36761777466152024,0.38854545958906017,-0.7975508262080622,-1.2042514657800545,0.7154183691804203,-0.04737107126799666,1.1259698165953953,-0.173675621842388,-1.64456368968836,0.8256323051662727,-0.614862471901662,0.4646658807686035,-0.5472377886976816,1.8666738038893094,-0.9049192940626267,-0.4597855082329516,0.20071951282332673,-1.196437176967158,0.41902198788148226,1.5988836768365533,-0.5704243787404499,0.47157658369862904,-2.637057291137117,-0.17344985972610896,-0.4946798532286271,-0.7802703230241977,1.1910594441500881,-0.20098924538656376,-0.14728908995346443,-0.4363761391805016,-1.817504160597713,-0.6132001004871311,0.9153616566330998,-1.9338838673845602,-0.5663207023129896,-0.4724485747318718,1.7245446312245405,0.7679868183896615,-0.8217725067139592,1.2216142117163633,-0.7390356257749379,1.0878431508674458,-1.3285845794307478,1.1509743683578797,-0.44471909446875635,-1.0407034250948775,-0.378653319461608,0.34255029122953123,-0.1976619296686346,0.7431055229614257,-0.6972883443688921,0.5072279824228219,0.5184421135602936,-0.19578490568953244,-0.42382275964592925,0.22499360531783175,0.5342677475880346,1.9570803270299284,1.006261775654593,0.8235027495998958,3.093505644565288,0.3320114619815655,0.47808435728698007,0.8310332360538254,-0.9388429273942975,-0.29152162633609485,-0.5860561500404468,0.5439700595995741,-0.46521783887465495,0.36744312472361945,1.1426807507257895,0.8668719402063736,-0.10020890315906404,-0.6960899591660401,1.142644068124842,0.8397470918681278,-1.3621853254676226,-0.35409347064533525,0.3858970293431722,0.7775981868132896,0.8971626558732495,-0.05464677959709706,0.3795088450194179,0.040084830589626815,-0.6325637248052337,-0.20518139765067636,0.13829394219804506,0.04550667327272294,-2.083938579424818,-0.3421406175797132,0.08102947739736367,-0.10974027583481329,-0.3304171866480428,0.39249717951689717,-1.008896025154896,-1.7169117391657103,-0.14456936343875332,0.4968622132513046,1.8593441549194754,0.9459421347198967,-1.3735921795585615,-0.2006308527309106,0.19205537875228637,0.21256121851574405,0.5901248979918321,-0.881231100682,0.09467563432581252,0.282030212306144,0.8834430580020669,-0.7005058746959405,-0.4744575293247629,-2.2706633175218243,-0.5046130280929153,-0.8419909812468388,-1.0006458735069403,0.4093210500362421,-0.06582295568968169,-1.905321724380235,-0.05390508918823742,-1.0148214049556321,0.2495147659012432,-1.3752420777871444,0.03510485277463426,-0.03539324211142656,0.2825451603337682,-0.26623448392201476,-0.3405741878887979,-1.519104182686646,-1.9305426323721897,-0.4749921348149702,-0.14844591477673386,-0.4323517352074379,0.6885638849131616,-0.18239512520823228,-0.7686972375834621,-0.37164399821314004,0.18845209212286534,0.361812157644625,2.1694364329621885,-0.5732936124953677,-0.0672833967126736,0.24600180955782722,0.0054104335100896885,-0.5362662979564439,-1.4572794625441718,-0.5382836675446577,-0.8303316161829315,-1.3584661309609052,-0.8228777077261815,-1.1817965250949616,0.7311579888304797,0.4874306165924044,-1.1130079646408912,-0.23140437620079823,-1.6995414179665769,-0.44735083818603355,-10.782758106601547
0.45201762959111413,0.7141242331360371,-1.144482039718752,1.0055118356973451,-1.3696651569573004,-0.9433142053421423,0.9275014950667353,2.042533825525776,0.5438928763622515,0.2778384079840731,-1.928514187817421,-1.7957762017162455,0.36767099160837985,-0.4200738970702527,-0.9771157316762185,0.3067877056840501,-0.05052154734920127,0.988318373771151,-0.2307078472983107,1.3187012717924,-0.05328175775509491,-0.04709997830524076,0.7871291660316588,-1.0144250749580974,3.3538147111141092,0.2277130839420635,0.26877893529500746,0.41026255582356397,1.9506977454604253,0.6463164395961591,-1.4478568239067986,0.926323045507479,-0.12179024133295334,0.08262572850569157,-1.7903323764140058,0.8821210496113892,-0.5444247496557351,0.16130952388571576,-0.34107183862410695,2.37994529594378,1.8751119642870961,0.20440026481602067,0.19108458514813104,-0.21250606972957684,1.071500227535156,-0.282975943624106,-0.4493278351476695,0.7848636760675319,-0.6433570926061898,-0.2673617367913598,-1.6037976325916068,0.6551474049793399,1.5125472137265177,0.6152171819676387,1.7942529368823263,-0.7864393212504952,0.3067016432233796,-1.0623138805608168,-0.2412409613029159,0.8749730325491818,0.19532172992784252,-1.5385517458199234,-1.3490860829531068,-1.53170514201522,0.467538616395902,2.3191794029698456,1.6700901096034042,-2.0408363086336383,1.126238678936579,1.003849453338629,-1.8111177447241644,-0.17823035320940078,1.190083312888676,0.3775843069728679,-1.2024900480263903,1.0140041201758887,-1.6984465715528445,-0.16838175317161602,1.2552035505064219,-0.08077455762407491,-0.7185840488959608,0.884331918333478,1.2622138503617903,1.2270897699306864,1.1641911463615107,1.1679188581557876,0.9766275954356659,0.35608032577662274,0.0484950916820645,-0.2162483557302431,-1.4862588248402029,-0.7964091614848903,0.029626785235054437,0.4566707991889183,1.6621185150900974,-0.09731280880112698,1.100119041338236,0.894808538208271,-0.19959840322574204,0.6612838053137136,-0.27030055978574774,1.2884095630702797,0.7207153224504683,-1.5752926557068663,0.17170740575827367,1.4485375380623473,-0.16569494685856867,0.5808092074415099,0.6635971451314384,-0.8923669621549755,0.6507988192021819,-1.4542039067142518,-1.0237039839669713,1.343718254836934,0.3714354888187801,-0.2373020632665154,0.5836900512731622,-0.03443509845464288,-0.08703619286287417,0.7387301651805763,-0.5490636687233278,-0.026800052731844853,-0.08026705356634166,-1.5609177709657427,-1.0826474608445262,1.1130770361025175,0.16406792535339731,-1.6191310748399126,-1.5235591128426083,-0.061855252289730614,1.7973532042742302,-0.11901898252170812,1.0103831155031318,0.37751730580015413,0.5612299473929666,-1.07402305137417,0.7254269356561571,-0.43604338813842036,0.6380820910755253,-0.947598609542651,0.3421326096618956,0.130419495244551,0.10957119483297573,0.5594477823910865,-0.2034358119770287,-0.593533014162343,1.3245748559133248,1.0232510996715003,-0.813478276039374,0.3873642197270296,-0.7936862398709497,-1.6678173982613613,1.0800328415879052,-1.6093250108270842,0.7445766025055223,-0.10443697301918635,-0.0480177261743327,0.06390424416513349,0.6960226924530265,-0.45336806402819485,0.7406255580638939,0.1618683170672506,-1.5893134434588114,-0.1432839826079718,1.0776452298849222,1.7738113247766198,0.6313884929343986,-0.9249645314645519,0.48384065069573495,0.42321556618408307,0.6510717158619016,0.6819799317221806,0.7314767204429676,0.01483381424712813,-0.7252636352113548,-1.6197835743460496,0.40632477214846857,0.377361411596124,0.5884496824361065,-1.3941412076763136,0.5877586378967107,2.151708106386532,0.3385243182812203,-0.024803744978554056,0.3435385182344197,1.8563946071831212,-1.1052127077559406,0.2842347616357136,-0.6743166557684499,-0.5750586395805801,0.1729433801261825,1.0007006069738167,1.960148494814977,0.5241813852743936,-0.24280640777831317,2.4571931985501836,-0.6028044510693927,-0.5881170875885413,-1.617827485165234,1.583331250967258,-1.2412130633570952
1.3030562795731353,2.2821174176494905,-2.095377835535992,1.4348142502176253,0.11116568281465944,0.9141824720675485,-1.4691054886413624,1.814219082326269,0.7957192616030095,0.2796849705142027,0.5909513454446477,-0.6354370089808152,-0.5876095822963439,-0.5394864934255983,-1.650600994820444,1.1028910496591517,0.9451122040041987,-0.6614275040481846,0.015758742575587566,-0.23006363964641405,0.30077873191239235,-0.6512722091871597,-1.071335682362775,1.1665838284309655,0.2072367789328304,1.889600322125807,-0.04607501083046371,-0.7243005052918858,1.265039897100074,0.510694619766665,0.8321287313372858,0.7430550166721902,-0.46928364999124506,-0.15184403266623175,-0.3493203550169693,-1.0635524574600212,-0.15620775135965623,1.5888760913502558,0.23003023434238545,-1.814561022782331,-1.6772781495869304,1.9659050749733338,0.05124714832583286,-0.46691349345047795,-0.49297370831745946,-1.441099093422063,1.0709450005921493,-0.38688121504698136,1.192267142938799,-0.17939409813943086,1.4060305449483128,0.15990994623797913,0.4863218963423852,0.6133851448304387,0.6917007540280352,0.47091139439728197,-0.14662989776678384,2.173594359761627,-0.9359879863094669,-0.04871849334221626,0.11194444294655269,0.39918914841088626,-0.39757393010374364,0.2421223345385287,-0.23044657755603265,-1.7174170702028821,0.2529412473927428,-1.2409916726896981,-1.823240933890615,0.19100899850741088,0.5126570804194087,0.6414703517352095,0.6350141496122728,-1.801183092228537,-1.2550350410190358,2.286445625499737,-0.7787346969190629,0.6115514505477081,-0.49039223854432257,-0.023371098441228033,-0.8649136680604127,0.568465336754994,0.12225130679902428,-0.5151908591132615,-1.1039878803418017,0.2665054781275517,-1.1675134837826964,0.5154592304176309,2.573040790899696,1.4378098845508926,0.6624739319440247,0.007187367118171227,-1.74046156417713,-0.9766318933206827,1.477894941171553,-0.7801765667426077,-0.6645675610651443,-0.29595256145930404,-1.0867309587033456,-1.1319819868023402,-0.07462322376340727,-0.7127893373528125,-0.5743693811607772,-1.1221094416160466,0.5319032361930467,-0.40574657465036124,-0.16312411412424335,0.7265023106176385,-0.04537912927777488,-0.1236033228961581,0.6018324307644557,0.5641175838525246,-0.4316912394187906,0.3074444542854742,-0.8302897282554291,-0.7632804349078607,0.9465500799526602,0.5134528261817276,0.3978714360362949,0.4143269467818614,0.16662089549548775,0.580654129104045,1.1367740203642738,0.908545224611693,-0.19613791320390822,0.9483121838198648,-0.003818855968736753,0.7194930445961834,0.35039659172599114,0.2834054399600516,-0.6736418874107727,0.8417765377119231,2.5013372486067267,-0.3203532158591565,0.0981401955729736,-0.26049451874908286,-0.5454433163989691,1.4561665214575283,-0.6645946631479481,-0.6261288333880942,-1.293006123221984,-0.8562316089144779,-1.367301500522306,0.7920708213732152,2.781761973284037,-0.3272741166457974,-1.4228616765613005,0.8846693296435065,-0.7768384387544907,1.0115472299255897,-0.286984150184063,-0.9961630739768611,-0.06449844575399927,0.8811542264902548,-0.36162494383868765,-0.32008113473804595,-0.03385477983678496,-1.5668113127155017,0.5008240596065482,-1.288599547326933,-0.47044450641119984,0.7247292569503249,0.03743327050649773,0.7302590963807063,-0.2597362279120867,1.2343073629113168,0.8112696410283559,0.6797548895128009,0.9529151653021005,0.3278561552806264,-0.5268978411400506,-1.3366876795088096,0.8140636036572454,0.6071567139592094,0.90769912013707,-0.7344130434848463,-0.8252131591483075,0.7068188131374519,0.028024879799736575,-1.9232390094485774,0.33063236107306515,-1.8913204037888611,-0.7028039596012221,1.2517939872966344,1.971737890783073,-1.4000507792430972,-0.33432897568406705,0.09702961268991188,2.021437236407109,-0.5200176488760037,-0.2456563986158872,1.1552720054104966,-0.37178177166839554,0.8368679647521321,-1.3589202262246851,-0.31678710387832915,-1.9224760879853002,-1.1437657137743362,0.9465542747621355,0.030056192791896214,-4.641776179748436
-0.6215100619274496,-0.8349883383253635,-0.45234757731001,0.21229851466670452,0.9635117571031137,-2.1892127527665335,-0.639531718394596,0.34228458105752085,0.0349768430934304,0.849872613691877,0.2560283280692268,-0.2102145869660104,-0.5167409065169343,-0.29252621465054984,1.0558734567304255,-0.49063003628659346,-0.21509877172612438,0.2254014780313112,1.4276345835956594,-0.2661074628109626,0.9978149545665687,1.542011328498598,-0.2892335450541443,-0.18980291278918787,-0.08266143181821113,-0.40912929888508814,0.714359215152994,0.18033898678683466,0.21930318829046733,-0.9620601889732214,-0.824492585851283,1.5633983069778092,0.05989010124917584,-0.7995322706808288,1.7352470200722476,0.6204130901469003,0.686476901309568,-0.11378149239077366,-0.3789389780952535,-0.3059643237948704,-1.5034777514589972,0.058059562458718315,0.40139383342729773,1.8526249595354618,-0.08485989401451101,-2.305232347089869,-0.17950818418476394,2.2891432661733466,0.7096559105579883,-1.0280511165983346,0.5678876131746625,-0.9453462893357522,-1.5961065090565965,-0.3037495352998173,-0.0075152098634090735,-1.8668994343826073,-1.0319958693320435,0.01703605177015788,-0.4257859189114915,0.42100815250884643,-1.0672952497667507,0.7319242992175452,-1.2080391660559573,1.6311236772694375,-1.8656610921601857,-1.175566792539626,0.6801250761934554,1.5391869618953384,0.0924053432659077,0.6240868981738977,-0.02491335106444292,-0.8925395484689161,-0.47576044930595396,-1.168811639270554,-1.17174031023287,0.8188649130211948,-0.8428182691177185,0.3390380179362228,-1.078558271549795,0.17963509379169837,-0.7074118864105666,1.382762478483516,0.3765660045539832,1.1535107357068606,-0.7568684765702784,0.03203307584056036,-0.9122483041979667,-0.3122618566476605,-0.3013953607369664,-0.725354580669278,-1.4897473459664765,-1.219785980287148,-2.168892239739501,-0.7328747640942223,0.7139301679176474,-1.5185339085169947,-1.3577769158213282,1.575409586119995,-0.6322165241930338,0.39187516004919304,0.6275821799932567,0.6921088007328492,-1.3092608275185091,-0.5129847875987156,-1.6048891647372403,2.2357252552750877,-1.5324312247615586,-0.8792914356838212,-0.9714461778925596,-1.3587099974913555,1.6748072417978794,2.281180598120885,-0.8382943299668283,-1.1515340143068982,-2.3661714126845883,-0.18021372028486124,-0.2741061132140103,-0.675804327197975,0.14165723046023526,0.5129676867695299,0.42278190091910955,-0.3568442298977397,-0.8504238143405929,0.6658401512965216,-0.07360910134248119,0.4949383598244742,0.5995737195055344,-1.7365112939698322,-1.4144269959958298,-0.68031545220749,-1.0184430541461011,0.9000889531679733,0.08410439815007495,1.0951001462542702,0.4747295627019707,0.338419446074383,0.9591841339831302,0.37410848073705616,-0.03611982400013184,1.221394930656859,0.2848012950222369,-0.45319039169354874,-0.5401279883223437,0.8649724564841884,1.2603445097751549,-0.029229426282203128,1.0747312615370685,-1.7855097029361222,-0.05194849695844299,-0.13232175177788066,-0.776433741694042,2.667439842409518,0.04106512510362539,-0.29789453751267264,-0.11879545482645802,-1.6511308317952238,-0.658780242955736,0.6200373700484308,-0.5866078437631442,-0.45557009538471727,1.3574978819126138,1.2308301153390704,0.26065760936371973,-0.4710576450347329,-0.4210231695318014,-0.8667633571363599,-0.8539131564735347,-0.7818700555893306,-0.7063596162513158,-1.3670345713246945,-1.663487939186589,0.14570024112728333,0.54537470484546,1.712986311364692,-0.7829089877385672,0.40029352725477235,0.37970970190711945,-0.1518571887311961,0.7549146783414131,0.6449448041015449,0.28519411629036007,-0.23892907975384223,-0.10496067552484256,-1.2045211690294901,-0.8539944404856344,-0.8048571297991126,-1.216609822240835,0.5601933518175666,1.4108189467335706,-0.942153686584994,0.4991990896134973,-0.8269925811533696,-0.2969006035798534,-0.7747509472138614,0.7495232177908195,-0.8453020320574872,0.9387749155975742,-0.2147591020587531,-0.5139100180741033,-1.2626235681729716,-1.7476792265519765
0.23408313746471424,0.7833072346376545,0.24201671391527768,2.2596393504304304,1.3807959494785351,-0.09303964277896114,-0.11726248189626448,0.6915501233690582,-0.6001261143009178,1.8334053481236787,0.33946381708630957,0.3079671595016622,1.1190448520582874,1.937870670314507,0.17418703585324113,0.12824224313972465,1.238426121057159,1.0115089506886807,-0.7636866511900409,0.05059944371728881,0.15386919368901458,0.5156797163399783,-1.5228229124002166,-1.6202733095322597,-0.6930348561820281,-1.1245170093953927,-0.6956381730648399,0.4959619634583195,-0.20696213564039032,0.14636418080867053,-1.0755854486150018,-0.6794268476350758,0.9122840656966466,0.570550842574112,-1.0688142612894331,0.4917549592808297,2.308978912765143,0.025312350078822616,-0.789123898794452,-0.31131924038584596,-0.022605283603146092,-0.010779237393649199,0.10468585932816785,-1.206117271400898,-1.273668513149604,-0.1018689117325497,-0.23826279270601353,-0.534785009512016,-0.2953567673245717,-0.17018166830170142,0.8660940333064578,-0.23396655687063786,0.05783305879946729,-0.46976830387610885,0.6243841273819957,0.5001810954417795,0.9149371767679423,0.8129683056159023,0.5939852050228367,-0.17228378209373707,0.33258379611424227,1.1049308145760761,-0.6367551061420424,-0.7443642098268058,0.13982124094621273,0.4938716559326127,-0.6203039272706832,-0.20948255685513775,-0.2899350540864226,-2.2003114179945107,-0.2959360365182887,-0.0341393908845924,-0.12923556513516443,1.137014093957502,-1.1080736343324198,-0.32621118787459996,-2.098874053364455,-0.4098419269067403,-0.21175600613417206,-0.575733375153396,1.0317227140439618,0.8566494746648562,0.04210165434476612,-0.438223119367626,1.3431540565644313,-0.05206022203964227,-0.7328188402210574,-1.5942057656894084,-0.4797275702137407,0.817287689488497,2.3966157254061904,0.1432147498820689,-0.48678332711767647,-0.8507650549953183,0.6258648132332049,-1.6701941688098265,0.6304994917142667,0.6445945617625907,0.5135753020809298,-0.14046326581985158,0.5491542352336054,0.24770337936548883,-0.6092708166029966,1.7916937621339906,-0.34058675821732126,0.5882192386946733,-2.3288366971464263,1.389918034639987,1.6147324240943612,0.18870700310567542,0.7092592362888593,0.4567600031398987,-1.0449318766516087,0.7932543271280111,-0.8586193510155566,-0.5250451906476202,1.3488902596633237,1.088116349508203,-0.8745008024145351,-0.46098139550772343,-0.4734114788621675,0.6141969965964545,-0.75125855205122,0.3601080380713795,0.7205971453547446,-0.3930178471446426,0.8359264630916702,-0.4004441144915338,-0.15956531633907745,-0.8934347806414789,1.2121202894047287,-0.7462314633981983,0.0826138671503059,-0.0289241237593365,-1.2020534491593773,-0.4094768702142976,1.1224554849657635,0.1042088768606214,-0.9496955058715989,0.11060768299798292,0.04266855216553286,2.8887054595343056,0.5268339083755359,-0.24425299110666268,1.4384941700618408,-1.7174555569891998,0.05577324438427465,1.9028943996586718,-0.11752699630319602,-1.5783016465102917,-0.41225881909320206,1.5384250233940293,0.4587881358009957,-0.7340288245925851,-0.80037907255851,-0.37573761267107436,0.5899491925483477,0.9642514122877495,1.1954727297913428,0.6618777321661973,-1.3955687686055909,-1.0939130562938408,0.2776246860733538,-1.4941665979060461,-0.40816643629028065,0.3129428520987495,-0.9778132848776625,-0.7621071049435274,-0.14389243301710028,0.09355931766095343,0.9905709957900813,0.5132869040632767,0.31259587532306915,-0.630430115938092,-1.1698670141893184,-0.3427011402887671,0.4757986437602215,0.5585085802734062,-1.7802715379731096,-0.8615219149943272,1.1207532961381277,0.10758701897493705,-1.1826768394323124,2.158777822131817,-0.019446391148192813,0.2041030753121123,0.47504037962231016,-0.3811919009986159,-0.599024624972681,2.1382447214088223,1.2043188282901693,0.5974795503823279,0.6475531925969121,-1.1318524712314468,1.4347135810774378,-1.0164331207157835,0.15859556862275553,-1.8137550751085032,-1.8786813396154196,0.4255691857307645,4.225322382926562
-1.3540412869397522,-2.0560357314411806,0.6177331741318216,2.134170373668543,1.3432321718490796,-0.04762725928418525,0.2150411282651101,1.1615955302751126,1.0840855747657245,-0.11303307149495626,0.04902565545900569,0.3487291190647258,0.9397032810752485,-0.16513278910113194,-0.0882489989328826,1.6208851339772783,0.9616931980804905,0.5201820404363333,1.612551605738813,-0.3554063665530733,1.7320327307355698,0.7288121408350453,2.892700688083716,-1.2443299279194533,-0.47653226894945694,0.27165095767708547,0.2842193485820934,1.5243957637769892,-0.7336478683343017,0.7405942109172445,1.258016181789588,0.32467880886198314,-0.8126551899787448,1.3835700213032034,1.4727826669272857,0.9607024651275771,0.31225241478931903,0.30674228668138476,-0.1161485359561447,0.7331770318960679,-0.0838940881502062,-0.7698629465957876,-0.8172248942761001,-0.564069793510945,0.06947134368909792,0.0215479397615634,0.07545633147897497,0.3767146062900096,-0.7291054141239708,1.2118541718114133,-0.29064032838626375,-0.6038379474373222,0.13641384449496094,-1.5823196850071968,-1.1673348431297468,1.1376220402403372,-1.6003936089470154,1.2704221034249776,1.5375397688051557,-0.4983082488978532,0.3775392273129262,1.1642648169932466,-0.437669785055116,0.8205600344490543,-0.761424707577892,-0.49470636543405133,-0.5943576842004575,0.21024917708181592,0.8803068729312528,-0.1353221701609499,-1.497898410133816,-0.9481559215982421,0.4537163543760709,1.5127468343358783,0.5207656469814369,0.08249825192293114,0.7509464116205392,-0.1839834069737625,-0.19515195512461467,-0.9958546929242533,1.3593945178744462,-2.4193558175628804,1.021573848068331,-0.5305049590222067,-0.3499004992824922,1.8447986678259172,-0.6180545237851374,-0.5744915497010777,-0.17033070537531989,0.46218737244533786,-0.6287399991387757,-1.367939751466656,-0.5939912067346448,1.4098130177260981,0.06955801738152965,0.3526758086155545,-0.2108050511882729,-0.7682979885095985,1.839351224539817,-0.10948055130504482,-0.4728580034942097,1.0841067765458614,-0.5568193449644032,-0.9156503354644133,0.020697640795576882,-0.17655864014199163,0.2605192761909229,2.185790622146434,0.4475495648494777,-2.2521842127534812,0.42649721070236113,-0.05283862556857569,-0.19599546840359575,0.47962253823623113,-0.03538710801086653,0.0008760588541264676,0.771012372402778,-0.557321763113315,-1.1388066413420008,2.7810800376839278,-0.5384146893411433,0.028574235039064547,-1.2348793241734093,0.12249719024524429,-1.0964584291736326,-0.7150919230032284,0.8735311028288524,0.5277527259785957,0.6448114375059066,-1.6566450561035164,2.093954389266841,-1.2064056367647744,1.2251258740086937,1.020542791758691,0.6839655220147683,-0.6343541036864055,0.024768245336056895,-0.5729610058681647,-0.06924629839877723,-0.4141959079962402,-1.7110409020583828,0.8148962625019257,0.17886157726725405,-0.35088718216163733,-0.4896108511629315,0.3564637081859864,-0.7738347204245645,-2.0508148457080417,0.44743509710134927,0.34522727168936124,-0.19634947605849098,-1.6231329687150329,0.18758590725617308,-1.3669743860831265,-1.1281232543517552,-0.5445373174540991,1.1276635039476504,-0.6850837492049611,-0.39468246139500696,1.965258210833623,0.35988765019953345,0.35845041795790905,-0.6645038161678054,-0.6333735459683159,-2.2213072212560383,1.020351281483228,0.39799169019933317,0.06658544760907757,-0.19016837009199972,0.31429879943432387,-1.654394093559629,-0.6216966848027237,-1.4374645267524377,1.7807096909686282,0.7012127040134817,-1.9003773543219902,-1.4254594809864736,-0.005694039689064826,-0.32964673981271986,-1.3814387536404806,1.8259512180204103,0.3490374439008685,0.7417133676541441,-0.5941636286845199,0.7874327267410784,-0.5626537362090712,-0.2831980916861455,0.7596316479996784,-1.5405689223198338,1.6048248415235884,0.4002029287509311,0.9497563075615659,-1.1226949595964855,-1.040403234429267,-1.039218854904935,0.1221504089122305,-0.0741636859207031,-0.46566951775735405,-0.871437566119773,-1.276900631566983,-8.141312804911314
-0.216935435423355,-0.5562474077216579,-1.1059105972004086,1.5287633155394922,-0.031201157394662175,1.3337959987279175,-0.3360631103523645,0.4386304928814683,0.07225621704542126,-1.8586975458623416,1.2857062756302995,-0.05354500758563221,1.1991822033787418,-0.8664929650967703,-0.12860903948097413,-0.6254537056273048,0.9861828370152992,0.3537787767547965,0.037715287971821033,1.4532545665161098,1.2161839642205947,0.9916290845422236,-1.5849653581663563,-0.710706223054018,-0.820390620830642,0.5832055837192099,0.07095729048340353,-1.087406584732648,-0.22785792324010912,-1.2714425733280506,0.06947439037811934,-1.7071569246454905,0.8471859029394871,0.35350419209508266,2.3555241868170396,1.226581694334312,-0.31570970023165357,0.9903360145695148,-1.5606996665321728,-1.3226842680651425,0.21933340147498612,-2.1955190332401906,0.0994238684577132,-0.8131468364078668,-0.06750555682117534,-1.0381403976092072,0.2476456703480207,-0.03460034118439231,1.2240193661834207,-0.22358828189748767,-0.7914035047799766,-0.39739546207511595,-1.587075782028115,0.34450203745520386,0.6477295044233066,2.7046534003653298,-0.5224796225052207,-0.29780523307661133,-0.597214538396771,0.20124600322666572,0.4637391119416829,-0.08742943579664858,1.2311203649228422,-0.7324108719327048,0.9904990525457591,0.6302959207110024,0.23033420754446413,-0.45099267703141577,2.0661875217254457,-0.7787565780156173,0.2955583986227524,-0.6197542385253665,1.9150782420646884,0.6727575063618094,-0.5641752646606208,0.9223630710621258,0.3220129259951976,-0.44324861839339175,0.89191442921276,0.26668134112957487,0.05996760892332006,-0.013017749715905141,0.5225824922481659,0.1563011965374689,0.20336136122263535,-0.7403713254393731,2.035522261589419,-0.9389573167069702,0.3849656169588008,-0.30271230379297287,1.821245605827841,-0.7485197973481682,-0.4546322311592684,-0.6535639428521011,0.3594853380558773,-1.3127068353638405,-0.43581235367444954,-2.1961675877924187,0.3043865124233826,-0.4166739561106057,-1.5317408833594748,1.0745847615092554,-1.1073622398751883,0.6252564729785928,-0.6893288139982581,1.4026391767857262,0.7342011633154201,-0.8404424309811624,-0.8441468642405308,0.7722890764608943,-0.28952646751802136,-0.2556683712722609,1.3241335245046333,-0.5561524410808368,0.09124228053718125,0.9533776926522733,0.9914962158608277,-0.14240011218196735,-0.4172496427230573,-1.3283587270656572,-0.853330979378608,0.23061868804830757,0.08987792999654336,0.08141119858904677,1.0368450739463015,-1.392331645996741,-0.5030238024363605,0.18903034496322624,-0.6637286719125325,1.4220038214272306,1.095301008675126,0.3969032681001209,1.4826208695564675,-1.3998199791170356,0.0070612106072746985,0.4826364106921463,-0.9256990468245594,0.2039420252045094,-1.0323239925462118,0.47474561492795564,1.158325262966672,0.0595786405121301,-1.5045003773340189,-0.8442557837279167,0.6057431529930991,0.03845811619792351,-2.2853560045094126,1.2036291593324377,0.15544452427169053,-0.7975621132408754,1.1176637593394998,-1.0517113907471696,-0.5466678722540931,0.4770894821894553,1.5631829040156664,1.5538057468493958,0.5882935422969513,0.11494579506830677,0.9189195696763846,-0.8278898393853877,0.6639310998283652,-0.5764943724606134,0.053532494853703906,-0.20946448710870053,0.2638651500619396,0.11490919861437517,-2.6568451547456107,0.4176930539299626,0.6465324912740112,0.03875569981581719,-0.18632006382449695,1.4948198310279488,0.6564241669138483,0.5033295911828332,0.8635020158169248,0.46151393949957575,-0.8168979908196826,-2.779961693581683,-0.3338188346770006,0.6311593122704945,-0.3630860393395649,0.854692778987412,0.4100120959437685,1.194333810334846,-0.30545168290592434,0.28760065770160737,0.5931400504426071,1.7978699738788912,-1.621664239410127,-0.4849807501422504,1.052776461098807,1.1531007560656663,0.287205974209242,-0.32108266837420496,0.9069413264926189,0.7660924423534419,-0.5300827580892562,0.44613419650353503,1.281382729861067,2.1143756517409154,-4.899801430271761
0.9657277223237386,-0.05448168469181913,-0.21819143360552146,0.4830805969201631,-0.062340427691599865,0.35662476791226483,-0.8694036272365026,1.6219044750555713,-0.859754955316746,-0.22722373715232766,0.10527798120156322,1.909174823481931,-0.3763560125688184,-0.769028216117439,-0.47664674547306396,1.8999070131604585,-2.7581838658241304,-0.9635513110061694,2.791510017370716,0.657791140728989,-1.2847542999965917,0.03949288009001475,-0.16403853286176262,0.9453700825175976,2.288004123635868,0.2411286632222085,-0.5977183959268535,0.61509149807291,-0.7651554554787027,-0.8849965528086688,-1.599260397058141,-1.6294621677060481,-0.7407374851815853,-1.2026555721688665,0.28115108309717574,-0.9657362678441738,-3.039498746198239,-1.1598677947147173,-0.5467159905095089,-0.8648726576066127,1.4105073520119298,-0.5140808612923772,0.931473614522443,0.11664769664262173,-0.23031512524157494,-0.7937297954527834,-0.1504923030357633,-0.7047035755659826,0.03891986185499194,-0.46266132325740383,-0.967329330433111,0.9735454334579461,0.08400425823302762,-0.3894033691402195,0.06344534631404276,0.016260368450543832,-0.7599357297479127,0.08513748638610424,-0.6435055708839156,-1.1905363476684916,-1.4586944592200082,-0.4132888670299902,0.6730838517500252,-0.8136596601203258,2.612625794685894,1.014694121909837,1.6092017778046719,0.6653626946126517,1.5298414103775724,-0.7482502534852262,-2.9716859897678014,-0.31939789733158314,0.6256093306560865,0.027548679255060098,0.40109410478714996,1.67709539012377,0.42691793339745726,0.7875020208957944,-0.7320398364358052,-1.1241299564540854,1.5834537996915907,0.12460200967893566,-0.9116369436393709,-0.6867155966707185,-0.6313227467238072,-0.8156476025805537,-1.245128407935953,-1.3818070881273317,-0.23462427918215745,-0.5868427210395686,1.0951899349215113,0.35708691295381717,0.6144061519213844,-0.44577578084278274,-0.15871684376751435,0.270429857146665,0.8023850380558748,-0.22731823817380534,1.200173544011853,0.08366405662555801,0.7801576700339198,-0.3496648643425779,-1.5822944472371434,0.039989016530755345,0.7345072475901767,0.39058054686437715,0.41769996866413306,-0.19661513536320552,-0.7304330658879923,0.7177547781033924,0.5483104780919998,-0.6389246380687085,1.122716245373657,-0.6958787150176117,-0.6210209190384665,1.5981229651450772,1.058363819820207,-0.35763127615387136,0.2139524816896034,0.305553412719991,-2.416284088320584,-0.9034429428900055,0.17479681945950712,-0.345397156061118,0.18010669471665447,0.7141761234932601,-0.5947287542234898,-1.3011710548453082,0.39436912674156716,-0.2680091270479845,-0.05002597541548606,-0.23262948083611343,1.91645190671067,-2.1121747466553065,-0.4332959674289077,0.1442198336718733,-0.8067618644360209,0.8071427650180132,0.5958191221200485,-0.2231441083000077,-0.07275653213057238,-0.28212591007554333,0.15636263574604123,0.06513224807856594,-0.12710630782172755,0.2565059224826438,0.6089915206423447,-1.0972630594684296,-1.1263321584330692,-1.5912967885119604,0.9762532861451235,0.07550582180033573,0.580817421632226,-1.3315332186411928,1.5669297322632856,-0.4191759081044412,0.3749797542896922,0.49508163957683066,-0.966088130586539,-0.20983977227517597,0.17925526471618408,2.5527554023911945,0.03542627523208972,1.8977952529324593,0.9152667288384179,0.38091680092923436,-0.8490746897416392,1.2814569351377947,-1.6511412189565522,1.1353103651677636,0.11959480531698351,-2.5753993159818527,-0.28644049660236726,0.7104500861599898,-0.36831978607284305,0.7859849214380856,-0.7694642293107126,-1.4176602126703417,0.027776717574812378,-0.0727820724867445,-0.35859720756682184,1.2956449677567732,-0.6061186519830756,0.3137602559789622,0.08464622982860157,-1.741997874964033,-1.4331975293099546,0.06122693297032297,2.2303106734473626,0.5700486088920944,-1.4689994784050573,-2.4205615633324014,0.8155682003172186,-0.09689783014969809,1.2965221092506605,-1.0555704666133787,0.2302813732411307,1.0380020071764788,-0.3156178686151671,-0.3740326854523048,-1.5915337041318312
-0.10668544092413397,0.4362705290129074,-0.16232884895714417,0.9232486312475301,-0.38567697042022836,-1.0163643793264396,2.215870942544803,-0.5165182370293148,-0.3684981542580204,0.24501462166716384,0.07830109040483718,-0.2857417940798674,0.1697775663891057,-0.059394635733574994,0.17767124473449308,-2.115859339354882,1.5826386154696637,-0.1060298022356826,0.28647456808928873,-1.3834574711229342,-0.5827965225642631,-0.7040398891836769,1.1739591307062973,-0.592697948832847,1.1057933306779897,-0.8073292936007638,-0.5156734466046494,-0.19224729762436213,1.3250477562020693,-1.6033449688503794,-1.1649105633612746,-1.958493408795651,-0.9535976850369685,-0.8363699696443518,-2.2263900922121858,-0.46752043588580494,-1.9092867491127776,-1.129932034551159,1.284842571425731,0.42901865938636485,0.07307016009982881,-0.9377704149751707,-1.2590347707960836,-0.9235513022825707,-0.23134121891379153,0.9242688926506495,0.6417353337160268,0.4875971557346837,-0.8352877584282609,-0.2060597424651399,-0.34425395883645105,-0.34682422920355044,1.6033731780224072,-1.518302748522428,-0.43643904551445495,1.3805298094540261,-1.3380324205399194,-0.7233811169923019,-0.54942307104685,-0.3224894360362324,-1.4329813858586595,0.6050665047791804,0.7797975148578199,0.44464748440228835,-0.9720214545415624,0.12986643004252102,-0.6992148994253884,-0.4687509363871054,1.8108216165449014,0.1491453791921046,-1.4022098246467611,0.29936423381873617,-1.380989952119307,-1.1574929203325126,-0.9313021849023108,0.028891215270846468,0.8950115268071326,0.5811995739581535,0.6669645228891771,-1.1274375511156067,-0.7647509366172626,0.2894702102454402,-0.918562335026681,-0.3468184705791932,0.6538886237512989,-0.4165859653864869,0.4180644716452577,1.6621903963963875,-0.2115921049832763,1.2598073787987178,0.48554432825858873,-1.2694269474448139,-0.8466066560226355,-0.5287044406280458,-1.0142077753452674,-0.14158500790926296,0.6971381232656522,1.0629952166963663,0.376751769718877,-0.3629827691535562,-2.1339996229388714,0.15698600885196073,0.14687680802645764,-0.0546023249278563,2.1129752332574694,1.0466470374459143,0.7685332269650001,-0.7955615024718143,-0.4276895548134987,0.062319717455790416,-0.9135373606754813,0.39993991924548916,0.19178299543670466,-0.9098182191886248,1.2581114140907819,0.1473792569974254,-1.8626896765162868,-0.02494329817888757,0.20718987063912128,1.0113703125964113,-0.18834796705898382,0.7024331763269279,0.4069976026642885,-1.2933345571116561,-1.6176943030745903,0.707882034485825,1.0356772970169157,0.34948279946611516,1.598319761570028,1.0616543701094157,0.853296145938393,-0.9028728086541554,1.421750591581551,0.5545673590218964,-0.43040914201930486,-0.4635894110328363,0.11854855319859285,-1.781290651227346,0.49949252841534847,-1.079367315576087,0.5214966582363371,-0.6463919526329092,0.004689129034745005,-0.6294186886553362,-0.10104293440343347,1.7999783990655671,1.1395028454113019,0.37713256964160224,-0.01939010512071531,0.6228576449056439,1.2661763138212747,-1.2367071739043973,0.030442895097447516,-1.7285529329125546,0.9326492505224646,1.9439385194155896,0.2768213669758572,-2.3941470259544917,0.7253731011633723,-0.520982619662836,-0.6989603422226006,0.6090153264659615,-0.013164866623706037,-0.5089682378023299,-0.8002646843880854,0.12313998570556975,-0.3461464734176351,-0.8454324962152843,-0.3998713048626504,-0.062203875052429386,-0.2626670569964542,-1.4026944946594384,1.6366231625813255,-2.538707394139802,-0.5695433385342291,-0.44335472014945626,0.2170952141913982,0.8292449901401728,1.0957916313949874,-0.7908052622273055,0.532091602806197,0.2282510805067283,-1.4822772074475008,1.7475477954500442,-1.5337449531492697,0.23935789098342547,0.46441986576080446,0.36867160473534216,-0.3556576451323348,0.8221780306776518,-1.3070947412343996,-0.08385933723282978,-0.5744375116588005,-0.759882580758669,0.5739264442224303,0.9834897080379865,-0.5125099668651723,0.9628607570289107,0.17212169442175854,-0.8752997041497012,-4.842926248451518
-0.5300864945869365,-0.39274037551644536,-1.1214472475714208,0.34687395179324393,0.2647842080727854,-1.2535607584193085,-1.4729166286008168,0.6409345102519681,-0.5805935169445854,0.719233211940824,0.7114285636432445,-1.1020437720266003,-1.7089846044953612,1.8830286868127477,0.337050904057967,-0.17791090681273336,-1.0208215415808826,-0.4700618552613391,-1.7765635634413803,0.9610576168281464,-0.9207955654900207,1.3787203985737715,-0.6106679040996844,-1.0841451782824436,-0.18897287560119977,-2.799095936218952,-0.2033315277918664,-0.13327353155655008,0.8409055215030788,-1.6003695317677262,1.2574328281028129,0.42450605263961483,1.652934692907785,-0.07729258365342481,1.19255761050397,-1.2568376217318762,0.8215201215996373,-0.8448991176532872,-1.8386052231853074,-1.5299914283349298,-0.10960121599342602,-0.7434928149932573,0.47393362496005964,-1.5448638937216483,-2.593799631758927,1.432753908383502,0.6429162463431725,-0.947485442821625,-0.12774166214711533,0.7728824399752711,0.39603963501611544,0.039866146124829395,0.7145841806700476,-0.6322483420321171,-0.0868666301248277,0.0857325339934319,-0.1851934732100347,-0.4359207240449651,0.06628732167337194,-0.012512163236196985,-0.9078572895465244,0.8255318225747093,-0.9852201987296849,-0.3153447439472653,-0.364101610583394,0.4305676418436809,-1.976794479706293,0.761561673745123,-0.8348701296291481,1.2921340900857945,-0.5914630721499355,0.07300177477754274,2.049724540130798,-0.3487570829149879,1.3760329256535706,0.48020448675935656,0.45505970436854337,0.1055291478697347,0.9777045792473742,-0.740186291496939,-1.247082211396743,-0.5879442622322212,0.07183078061040532,-0.2897960717462177,0.970825717809732,1.4153829140644318,-0.9064639424436429,-0.6275150182743611,-1.4697777436509327,2.1465626735853833,0.2020829579577107,0.529619247186328,-1.100966305088047,0.23428645134478232,0.5760759713759325,-0.2899133160016613,1.1749766279857339,2.0736610689032395,-0.9639214091930597,-0.9304686271064548,-0.9131469659375121,1.5452085845513777,1.1030829648639282,-0.4072085709737663,0.04696397046795302,-0.9820975357900396,0.8700164463492052,-0.2271876231138565,-0.16702928160398225,0.7755983882083959,-0.19905219983879777,-0.3199007542285567,-0.23666475486408284,1.0517545175753948,1.7327406185176908,0.6042970565671525,0.9849704611622639,-0.186056104876941,-0.8760587031762286,0.7362863008440985,0.28230186299282883,-1.3813457720462576,-0.09568419576434149,-0.0746829545731377,-0.6392207565526776,1.03445518856154,0.2662591669918197,1.605219637298123,0.33120644175056557,0.12420063627520353,-0.8897073364987987,0.09593011394337678,-0.24374160078826204,-1.273271086118031,-0.6082246038741013,-0.14807250403186953,0.2582426963565835,0.3656740712079515,-0.5868676485870825,0.2651951920350794,0.009341155234938982,-2.734194618876909,-0.2046118327541696,1.2498087136032339,-1.5815000369268806,0.12472706076333531,1.3075959355221716,-0.660316832931188,0.010236473203216726,-1.21169703777815,1.8131494290286434,-0.3298369628875904,0.14762473583391222,1.484608530245711,0.49025191467573775,-0.6549485177309798,-0.5333688286256626,0.14650650426725473,-0.5814945733793133,-1.5760451278827816,-0.06300373734537305,-1.2265920040227203,1.4076430187754188,0.25506680148486555,-1.036583549576133,-0.7544475044990778,-1.630018788987306,-0.835846992354041,1.0482219233926862,1.7343236176968089,0.6517678084459768,-0.14962512687252294,-0.4187166352891939,-0.8318299826372865,1.8394062432356035,-0.04611341556381779,2.1615967112553682,1.8300273755718952,-1.4601857265749618,-0.7459729008493973,-0.6640722218970301,-0.057013720431841615,0.19737131092262006,2.737231828537008,-1.1454079433091084,0.04833476029939084,0.7159725434518023,0.04550877641474015,0.2760162524368269,-1.0811867200603016,0.32584427028731827,0.359149002076732,0.3810167981262104,0.6634435782512796,1.5717017581487993,0.8371752650015972,-0.06847460615321346,-1.2772281807512589,-0.46525573495576317,-0.15226147333081605,-5.6528432926046115
0.2327994283710345,-0.5687943464519054,-1.4575030607607617,-1.3612680180924566,-1.4961805655946032,-0.02739723613594045,-1.2880345296199185,-0.961692748620868,-0.2185284666110256,-1.3923938594789387,0.3555651288925083,0.7545479484933791,-0.5471625004062909,-0.5095519621515421,0.5046429722567942,-0.47261997347485746,-0.8809686706057962,1.2410115012673442,0.6400586918933748,0.6688506015628799,0.9611552546534703,-2.243199002481595,1.0633825276469515,0.45765373758580646,1.3820465552461547,0.23972607124285972,-0.04361387037278622,-0.21551364288002098,0.3583493275079585,-0.2798085079480322,0.9699911464661289,-1.6478245097263977,-0.3453708496211618,2.02080127852529,-0.9406958356345864,0.06304561765311477,-0.7758894739795448,0.43346658230211993,-0.8363048582725313,-0.3265126590512531,0.7371404172126491,-0.6068451179801375,0.8478119435101202,0.897801518778258,1.0136257240765922,0.1904646974297509,2.569566036334445,0.8497370441554066,0.18807890899543653,-1.0920397619657116,-0.12004613255869846,1.4543260197484742,1.2942761530103501,1.2657001207679832,0.9045842858862174,-1.217714314664132,0.5490687068800693,-1.3999221612546016,-1.5298357111324026,0.23377770952639104,0.5994573474561045,0.933977637967394,0.5980482085336795,0.4689245403704736,-1.092823469539231,-0.08214401825392857,-1.335747040421431,-2.148817595321578,0.4902227405352409,-0.7138085497181771,0.9522431383695732,1.2159717742163243,-0.611471691887002,0.4125755235389459,-0.5467757784289148,-1.279769057552369,0.20865181725420354,-0.4004464029685582,-0.2542701384701657,1.7524229422285316,-1.8373487509915296,0.3963024010460758,-1.417121832263099,0.8289786456969043,0.4854383207075045,0.39011751575746667,-0.8723575032569331,-0.6586513816384517,0.8821319868106419,1.8760923694927478,0.3975543645639594,-0.7429187497780497,0.693063962611562,2.460348572333922,0.10178847693952789,1.275463182510141,-0.7071395322587506,-0.17776805373405632,0.7093360338777862,0.4669767360812728,-0.8002662341011324,-0.6386488086617609,1.0522235339947743,1.0621792709238533,1.5199317774643757,1.6022050315334226,0.13967488236076242,-0.16011375129792185,1.4933544822385119,0.8813071949220083,-1.165375547447219,-1.1016400214225057,0.3588172862766557,0.03889583260218604,-0.03301401359994189,1.0648757087143934,0.9351810123172216,1.4734729693411792,-2.2164094792904154,0.3906359802827251,0.7665798795044223,-1.4775987827315726,-0.41456189027309714,-0.8239669830879597,-0.06367584682888146,1.1673103206723916,1.923772475826277,-1.0101920998428824,0.6017761605056355,0.58312157531676,0.5348627839673101,0.5146580121083034,0.03800109462790209,1.6601238562027858,1.2915372384054813,-0.8219966779839589,0.599010711393823,0.7996394379724304,0.17323807513845463,0.891475414000553,0.3523487964329551,-0.004323139042246642,0.37112111208409826,-1.9205215463983105,-0.022344561138391766,-0.6116281681803908,-1.0195842317234245,1.3815048771221514,0.5522357485011828,-0.1235565499428087,-0.5980280890905783,0.1312023112520616,1.0400106073275728,-0.7220004137938836,-0.1483035333475581,0.8860925192734832,-1.968847983198698,-0.3892740938704139,-0.3749947946336248,0.14890069285160737,-0.5303879636403235,0.18300044868442586,1.728323053357618,-0.32030112398373023,0.0701480470842345,2.1124608814822627,-0.4680765910465925,2.0217252237029695,-0.037134526796379595,1.307179353739137,0.6758338863022301,0.2288664460125983,0.11113363112140796,-0.5134470579862093,-0.06763456009334726,0.9538820984998883,0.05768628625516529,-0.2273921823484833,-0.13207397376552946,0.8546153243491054,1.140429078131951,-0.6647707881605639,-0.4213728231312156,0.3735490062499797,1.652358264055888,0.9677414216667519,-1.3586048882035384,-0.2605115518853544,-0.8110909153656438,-0.29089298229068933,1.7932905481482393,-1.1251488668538683,-1.7051422836611372,-0.9324574276570693,0.43048884608101834,0.5079055825933472,0.32372198518832396,1.4160603665341638,-1.606195752279104,1.360162934201637,1.0680096645631434
-0.6110296134268214,0.6221398823965709,-2.002466609871891,-0.10061238297346389,0.26630122838424636,1.230424560921812,-1.4055441816299523,0.19796403732700832,-0.8125409081178812,0.9815236551764297,0.7081331613440777,1.2594553528638126,-0.5277596338940712,1.036339879259325,1.2471808880583708,-1.401728798951733,0.40935765056859014,1.002447896567344,-0.6911755766690555,-1.2099884802716152,0.9802922289422923,-1.3258459774792355,-0.3985782737553922,-0.006564226151789125,1.0592864774321902,-0.7833232076786838,-0.7340017142108702,0.07706430223016653,1.0324604822837284,1.9001058495285879,-1.3524555050004061,-0.010490110190802903,-0.9525202277302529,0.9945206141454693,-1.3471435860827616,-0.4038055575349765,-0.482251996603672,-0.04235969117596215,0.324067527838221,0.5317481688988969,-0.12094553624876994,-1.2938375204428163,0.792686937197962,0.08509734439495588,1.1346784204331541,-0.665006226582028,-1.422715152861894,-0.08017814610501695,1.123445618866797,-0.07186283809265354,-0.2226222286325345,-1.0873713000931644,1.3397847837463024,-0.8890466066980166,-1.0816821692025806,0.7047880087164192,-1.714987436872387,1.448163599642807,0.6302558506754784,1.0277615949635726,0.6329460526788296,-0.20245952027673395,-1.078445792702906,-0.23359583367227438,-1.082869710143478,0.5723434823137812,1.0880252388919232,1.3507197339866965,0.1454270815123931,0.9918274874366118,-0.38457067999121236,-0.35115430455933827,0.5367873260070883,-0.4445190201613512,0.3947318341258183,-0.5470987558037995,-0.6390593565604128,0.6345362833676562,1.014855350023237,-1.0213318979420003,0.5555697912274845,-0.485958409993656,-0.04135935777058242,1.3330187391316828,1.0853974838428309,0.8516014286799888,2.2724854407078943,-0.597923383318158,-1.021619913571025,-0.721461822856222,-0.420229164000937,-2.0892897449288186,0.10931604941714193,-0.26378769612215297,0.8961090326607892,0.26259500271989317,-0.562425892835258,0.4267599239331649,0.8200918749911693,-0.6808515708020304,-0.5231871215247337,-1.9186024021797432,-0.9032442058246221,-1.079235681426394,0.08450380947494628,-1.1091581675513826,-0.4868920476560692,-1.052574194000445,0.27736029985635774,0.5900139101661497,0.5190188146192538,-0.07781653274992974,-2.1562015758947957,-0.4220926599830881,-0.43502583134536,-0.33074935061912664,0.16596207034985222,1.57725880887182,0.7886692037056211,-0.6800964709794914,0.7515128901783226,0.528702844156048,-0.5620572624609722,0.8468667082153917,-0.2605959620965897,-1.5947537496161972,0.23979019552809372,0.2228081273667643,-0.17377804013969667,0.00996217153047004,-0.6557124272399267,0.7430903500508764,-0.2985072447162717,0.19940011092453563,0.4292081252923914,-0.9083615789341217,-0.9076265533237571,-2.3238543818693156,0.38506268722050085,-1.3238461557979373,0.30091490488096906,0.14730088565880348,0.8282472633569355,-1.0870778661186604,-0.007509795843402115,1.5933883667335798,1.4159516991598986,0.9659125340967113,0.3722585463883114,-0.9564312129556493,0.8137040071543669,-0.42057260996050844,0.6330120004382332,-0.5256226504026793,-0.3094068017731681,0.26398364377568323,0.4619426772405527,0.145334490047474,-0.5338774782272386,-0.9029443691596096,1.6861136163798516,2.2319329054286,0.1880694772590513,-1.4694849922716702,-0.9145448912755955,0.53111563796022,1.1725196809486211,-0.9470740252243949,-0.17632617999731898,-0.19860120465691805,0.7914675151927765,-0.388163467040531,-2.0558088171149835,0.6790860108014362,0.9406920966003585,0.051626912929340255,0.4711579209667799,-0.4173188224184207,-0.6624136970008382,0.8873803547080876,0.3424333928273087,0.5330590287484681,1.7866956214324579,-0.92188549594364,-0.5812901971508586,-0.022886679354578384,-0.5951798125567132,0.9603016804895236,-0.03480817508018834,-1.0280365118411794,0.2859581493021761,0.09739354260184219,1.0316670636279572,0.4614280560606565,0.6067832769674855,0.1950348225334662,-0.34644995345377444,-0.7545751431378106,0.40666793656244077,-0.2741751458156542,-8.270880166715932
2.381800539594578,1.2232912714634843,0.7473766970040349,0.29402841334173524,-0.03646154824632521,-0.9555206168200191,-0.013714984770143908,0.27740606629931847,0.3170779484795162,0.9351650755877511,0.8359681994246068,-0.5677329761737623,-0.7272739023971657,1.6296866955783835,0.7152404417763857,-0.14944557484275517,-0.2561690137094697,-0.06134748089766312,-0.35304169868662244,0.5352540464275106,2.7402445050280595,0.3127450897025957,0.40382727082499714,-1.7749374859211724,-0.2530326649765863,1.0890635946781109,0.289001970980792,-3.43178651587318,0.6819655985332438,1.5903906902397038,-1.830002283129385,1.0261208693329154,-2.8302794041634978,0.9136871554599233,-0.1375514280272078,-2.19781979207707,0.5543124495352245,1.3746161163424715,0.3686324509253861,0.6614225970351452,-0.5284935690916512,-1.8723823174712404,0.7601311042023274,1.759105758914444,1.0982261991847773,-1.9559954239919042,-1.3506919519317346,-0.7737891233865206,-1.659250909421569,-0.18673578637658225,0.37026352073836327,-1.7070118141461743,0.4145146149905843,0.5120121161980049,-0.848636141110319,-0.07714240822831014,-1.8056010720733566,-0.3707820660434379,-0.0006976838718213981,0.1490820437472155,0.46104062554906095,0.23029940725135215,-0.2201462802948682,0.21225920196364997,1.0072621783810256,-0.07164952172409944,0.5756112926291297,-0.3215108004536442,-0.8066121445052865,0.5834429453717189,-0.6795379931709069,0.5026464972766017,0.06884717821058291,-0.3720945742476133,-0.20976536266023094,-0.03069029835031127,-1.2836752378031089,0.3982967421119481,0.3881805658566339,0.6979341509782164,-0.7540118559638095,1.8537298513180844,-0.5803952304892191,-0.9381150057136476,-1.0374136462968888,-1.951236380141586,1.8579428546051282,1.4440516142155277,0.557226393455169,-0.9027301789977069,1.8788062897070241,-0.23869688551627502,0.04350408948029084,1.5527320770293087,0.7505565693989771,1.9503872330387877,0.31790131688578693,-0.5172587334223768,-0.6058448028516985,-1.7426093406092278,-0.305844818398506,1.1279074498907309,0.6859042759347723,-0.23466169968448541,-0.9827013850402269,0.04691637535480892,0.9887286550811093,0.5642163466845618,0.27284753396257155,-0.6494167692096113,1.0843875202845128,-3.155429526246382,0.22386936466257454,2.900134851243732,-1.597191464300062,-0.17762332121599286,0.072750018371432,-0.4710781473709262,1.0343191481089795,0.5796474177275079,0.2647787282254171,0.6740400844712455,0.24075019632678915,3.152314624537067,0.076543712893932,-0.13522624380092219,-2.0869816567536943,-0.6863690086875398,1.2401447991327137,-1.2377726628365278,-2.203188105253134,0.1179845222307606,1.072166331680143,0.08025871544480687,-0.3728906079257035,-1.5521331471493978,0.29281020126204543,0.5669637280481284,-1.6048929221159505,0.8944133264504501,0.887610174281249,0.8242609581712392,0.810358184957193,0.814465172072339,0.5629146667686791,0.8373581407704676,-1.5504836525779901,-1.3492069176245045,-0.7866439657741128,-0.2089461620558183,0.45017994474828377,0.16584027384868427,1.158707456325682,1.276412254448411,-0.97972699736568,0.3297622018521923,-0.7567608999294106,-0.5159966529049338,0.4210770151219665,-2.699216720156368,2.5058918658233904,0.5565922830291796,-0.9003117489880293,2.2666674817395953,-0.520851267796104,0.13025391128071367,-0.41350971308922935,1.8621994893843017,-0.15555506540887104,-0.24270083970831638,1.1343969770059477,0.49250715456246197,0.1274525752659404,1.1475738450522701,2.299560116709992,0.4199137871040384,0.18604291064062306,0.3588031547097728,1.2594996593821945,-0.6815464325870517,-0.29184861875682677,-1.5653712332343235,-0.9455226108855297,-0.4368049233346999,-0.0484419350113418,1.5924558642124718,0.6265708883149215,-1.0159361402180738,-0.5994495344552359,1.3788288796754706,1.325212456673339,-0.011732962823680231,-0.44438042954688994,1.2963615743707522,-0.868261550706003,0.26973598635048,2.289462290146005,0.30277366097999237,-0.6375171521759283,0.5244778889447561,1.0325836309521879
-0.8471072130339496,-1.4702764216388176,0.8432383600256109,1.0752240290113917,-0.24464795280935756,-0.15608704197492274,-0.7714925842958394,-0.005217055309895792,-0.36327946564487684,-0.9735583522127502,1.697143970925216,0.5018573162550247,0.9646601091941726,0.9866778051051969,0.7152897003407186,-0.17178114668426703,0.09507939277127382,-0.2280668198314355,0.12089176433058503,0.39945419296358375,-0.4851391278400089,-1.4789287252973957,-0.08886695463103589,-0.1828754128327169,-1.7894952527343508,0.3613262267670493,0.8189301131871157,1.9764602303006402,-0.4413531970666343,-0.4701603289760117,-0.9632620529561352,-0.10235249611246429,0.4834156625894689,-0.8360661737114846,-0.3538471431417911,-1.800208441739339,1.035087429815089,-0.844340772386907,-0.06787069076792512,-1.9179557524894153,-0.6998604234205272,-0.1505694616343222,0.12286951123500744,0.5797571834907946,1.44909310999429,0.7876546667649201,0.6910230957066854,1.1842407702600783,0.4239062724960761,-0.2663307642008074,0.9857521476597702,1.0633142217140974,0.293210772577358,-1.2542165330496635,-1.23429692176578,-0.18490071347612586,0.8316519256291163,-0.018827720892886462,1.1546886684564228,1.528163846058237,1.2477670014236781,1.2565606271029437,-1.0503429935933477,0.4177250631410754,-0.6941735021641876,-1.791723913202766,-0.05818636417742166,1.1978021225874045,0.22859338616275643,2.103265533854931,0.15760395639344874,2.5389658736972125,0.22566104289104008,-0.08567659295933261,-1.1724285925392373,1.480691914588071,-0.3189313014700313,-0.5652656773138404,1.392251553582624,0.9869746658145072,1.0582766977339984,-0.3216250281340609,-0.13315876952302882,-0.13030085752949674,1.0559696558321412,1.691072691498108,0.5746486704714479,2.0382803085531185,0.8522231608211457,-0.21368476464239772,0.7852997058179922,1.6625563936482397,2.4659433564598956,1.3232482233314276,0.012313222392240166,-0.25698757878002854,0.6571599433356583,1.4635763099542292,0.5108941103927547,0.523294883702088,0.02863301810095724,-0.20324866489976948,-0.02986749723484382,-0.10719905023530871,1.7255230720578034,-0.41322992101137324,0.0603887138944694,-0.7011544533537026,0.8395762596380155,1.5438757286677083,2.005531275521337,0.10913792106539814,0.460783737166535,0.06360142595179741,0.5522013411040261,0.3475317363266306,0.14716404178794099,0.1801986388406908,0.39417356026066164,-0.08182152190077285,-0.10047569664636177,1.5166834329593342,2.8690338396492283,-1.1838601713389931,-1.4493042335234394,-1.1830540428103569,-0.3602462823248092,1.0344290744888167,0.6683005505871817,0.21133351398499928,0.6868806799474781,-0.6657051598895884,-0.49300373807366116,0.020263597065974675,-1.816913594056061,-0.9145117220679732,-1.1102491956190803,0.6704987672442245,0.11420250989877685,0.3996018698982224,-1.5266758713475401,-1.501738809057306,0.8860755231051811,-2.698893843077573,1.2482510488116612,-1.7007481708245544,0.6846687699782428,-0.7793779914298128,1.1402647933831953,2.6416539190506225,-2.4771927042902484,0.6161806843562297,-1.6042505699988063,0.5463006350545926,-0.3418364742014964,0.2336125489592259,-0.8278872143156177,0.4234728330259861,-1.4551022770913724,1.3451244333466539,-0.4340960019470024,-1.1590484967447818,1.3853720120414375,-0.02546425940395424,1.5643547753614626,1.2892424473652069,-0.6833347193590562,0.15893362777236375,0.08709091792851882,1.0645086688703058,0.3597160093425948,0.1048214905737572,-0.08304121622740697,0.03576407064057414,1.1135161747923021,0.13108149178196976,-0.31974502269148025,-0.525614223360176,-0.40213506435668067,-1.4564421292767291,-0.7415507950584325,1.5762161922517473,0.04856822359949468,0.6671511382893052,-2.65078639226809,0.38855917449639,-0.14774310404476435,-0.5139089384590803,0.3499458681356556,-0.5230233879890838,-1.8591367765558167,0.6744656129676857,0.29036345379032585,-0.34531436549488426,-0.8407359173300804,-1.6690385780697197,0.09497705992704374,1.9183096858606707,0.32262690447485887,-1.4016842407623027,-3.3818203560098286
0.1920924229789552,-0.1504412521573616,1.0723716608091711,0.5352083323507034,-2.742459380893138,0.6782491413176213,-0.8141029885874821,-1.4353292204919812,-0.04201875462908398,0.8596637812091409,-1.436693872205318,0.7216411953783014,1.2219852727707297,0.03889222879240582,-0.7623165053249138,-0.7379620279243515,0.7918897720167932,-1.473267482324522,0.8500469424775557,-0.126039619225373,-0.16806128701380044,-1.925697390303288,-0.36839341738256526,0.6955955031880205,-1.1839036939768555,0.35221791858492296,-0.005883055853429668,-0.5035739809119505,0.8724682889550529,-1.865354338012726,0.46040532604413564,1.1122557414462897,1.8622771864311571,0.365351387951047,-0.5187224631117011,-0.3622078059103364,-0.19558730294531512,0.6736191737619441,-0.9140442538063412,0.882743100048796,2.0266216688637773,0.08640905908123073,-1.085308072240117,-1.1144620265121443,0.6980203893417901,-0.011520377396693147,0.6206868643899236,-0.506974488012917,0.6752275525440455,-0.38596557142601484,-0.7552769329952392,-0.5679497687367614,-1.4482037911052297,1.704763596606744,-0.254595296481536,0.7832172170102564,-0.44038199006133905,-1.185438346757342,-0.24749616246192258,1.2706957777376626,-0.40175524697975096,-0.9598081933304251,0.2309286951946919,0.434865056664312,1.6846565005147678,0.42574795350976946,0.9175081191003811,0.5889723251367437,-1.2798212230595614,-0.9275165082173398,-1.2837682399206825,-1.1945294046823358,0.874847344642096,0.14910675676238905,0.2027656308663526,-1.9770993039817841,1.8385249326032473,-0.7965563103157701,2.1293490187104127,-1.4556015068015093,-1.0600831086040134,-2.095247312523145,0.42881261347462457,-1.1621980664373683,-1.1308923633125079,-1.5508210215669087,1.0256090088212895,0.7949292425062533,1.762580270918363,-0.6835177161714909,0.10653862871645664,-1.105043146691066,-0.02702557240069772,-0.2402081075552198,0.5238492525877634,0.869356871707994,1.0872578856286192,-0.9436311646696801,1.1140279882005968,0.03239563638885594,-0.35247104043221494,-0.5473373388237401,-0.40404181061228084,1.67200335119605,0.31733487622963613,-0.0046234115246921404,-0.24402248035210672,2.531700652122122,1.4459665276352378,-0.572480976328879,-0.3031942388714836,-0.2996185627232309,-0.06928974245652475,-0.5067264648625258,0.45804929830596114,1.423803647101109,-1.3955251636082002,-1.1931170842667624,-0.6300130538528013,-0.2049021014505423,1.972795348262637,0.863326082995559,1.1457635393312506,-0.25416250178141836,-0.39680087610128034,-1.6327158291835986,0.5906183457243468,0.5505236820413333,1.3826827276281735,-0.1566999479920941,-0.03465918618815847,0.2669869826566727,0.6080558158809461,-1.3722790740146342,0.8676060508008894,0.12884899312164463,-1.0541482282364518,-2.1976601305013563,-0.20961179162362134,1.1904473815878323,1.7299382161936727,0.13341893959604237,2.120113778533,0.10140041966256799,0.984083963079267,-0.4069988534486008,-0.4554868163999417,-0.5829994167384817,-2.216536171674558,1.0010818725345594,-0.6825379681186509,-1.2022301381607636,-1.0109151414683217,-0.09216037059310299,1.546367542999859,1.9693512218228224,-1.6623822628919298,-0.6771678321411234,-1.016304038363655,1.1248335250810513,0.29122808567640907,-0.491540771880131,-0.20304138692901877,-0.4966841405841274,1.2930642530204688,0.5713956724273309,0.590159519273664,-2.3728774014162872,-0.11454982627894765,1.5932601355365477,1.258087733297803,-1.8138341150444053,-0.24727216372588282,-1.0664827747600134,1.5042622322739985,0.3525800661878075,-0.6881947820890681,0.19462133461164846,-2.2325950346313563,-1.150368096625376,0.008006294200899522,0.9007393869187847,-1.7160071849868426,-0.3133813438705067,1.0961408060335702,-1.6364613306900135,0.2858972197971822,0.12425274655831732,1.9516154322592925,-0.2528916746254474,0.053415573388863456,0.6228235589870804,-1.3916324393134931,-0.23913898687750282,-0.32305587282909914,-0.28313147982319464,0.7639094771952656,0.7029684140785276,-0.6111025648711579,0.23050492829797864,-0.47121271898946404
2.0837296368630103,-0.9163142680269301,0.06187506241040755,-0.3099378294204323,-0.013159703487360348,-1.2897459714981305,1.640251017296554,-0.7073637477198081,1.001551609124048,-0.47122062993842667,-0.5361410785893149,1.191099804109169,1.5326800591796377,0.22210945231558984,0.706375633846398,-0.04724314822184284,-0.1647473534894194,-0.62161154962901,0.663211108436617,-0.6736401917862216,1.5796797848866482,-0.28358190419378776,-0.20883281425127997,0.8514953490187767,0.3031487077278874,-0.4515987169168007,-0.11792102102533264,0.6985386602429584,-0.7278242072006528,-0.12422286498970438,0.13150441979326766,0.4623752705849849,0.1467694950774543,1.7842151911845137,-0.3299240599938928,0.06411655508768747,-0.06354640627059749,-1.4748141168052196,-1.1653847094351002,-0.7689787499869518,1.0252627762535431,0.11771170081898275,-0.3061254631976548,1.2732416739503924,1.576180777718225,1.3147570450973844,-0.8051998786622753,-0.47418310368341515,1.6221890801004162,0.0070438402052422,-0.2905565944606134,0.6708154428705059,0.6316895518938398,-0.4954139846895379,0.16067795343734778,1.0802187590929158,-1.042747950892174,0.019311237383874927,-1.1481982111597568,-1.237023410143665,-0.442389783105046,0.47891455618290774,-0.2821211025285329,-0.7652939154537503,0.002530963781453105,-1.235806562887353,0.6921003606072464,1.0033763484130207,-0.27610609078013226,-0.15416688533327386,0.3818573940725892,-1.8822956803792568,0.6031260092473841,2.6163964823878114,-0.001832934779335074,0.33251936454003206,0.7319016900807992,1.5793695934644219,1.09929711423521,-2.117298539343815,0.43876521755966047,2.5056368443128583,0.7829396636434925,-1.2150562611151439,0.46587212536120237,-1.449083072982216,1.5275273779099017,-0.8459221978109364,0.03330452105105706,-0.8628134550799641,-0.7451428398466416,1.4594733411231058,0.4414715134509554,-0.27719896291506135,-1.352755640293975,-1.767959923800881,-1.2366830944415539,-0.03042979459950735,1.0945527822383356,-0.47587977474714105,1.5684220952822148,-0.5554635208897132,-0.101238068830969,-1.4524925109995892,0.9994743202393719,1.8917327482867499,-1.6938334140251101,-0.19424772423659056,1.4045043881841126,-1.3083136292685695,0.7188838745339549,1.105663488594629,-0.1529707879903032,0.7965249967235771,1.8534985772383112,1.8931686555461005,0.011963949641576443,-0.5467954921713709,-1.1084602336802738,1.014969968773814,-1.14525033802914,-0.29800310456155066,0.3245992426750617,-0.4901835639883807,0.21549200363679794,2.01894860611077,-0.37991852476549265,-0.5571867347318212,1.1043665128754654,0.2762698561101373,1.6662688797862355,0.2611905602898994,-0.4971718292490343,-1.673340163734292,-1.8580077856713522,-1.5312906680215908,0.22780657771168353,-1.4703731552751946,0.970933552742151,-0.1494134511817927,-0.04821211910562143,-0.9329177764710376,0.8471607516440008,-0.6781297546388189,-0.9034469886094092,1.1389728709614404,0.2743269572360781,-0.17123601834419175,0.7003780713608304,-0.09045340251909842,0.44454393584408863,-1.2209499518808118,2.0591061594224085,-0.4717807960871873,1.3475328226502474,-0.04800463009439888,1.086626096883987,0.3785569432159099,1.295557654997634,-0.46578763346563085,1.1136986149873935,1.6718603751691532,-0.5486798393479488,0.09180031928952206,-0.6836085175602782,-0.37955997686328635,1.4937689914631727,-0.7424680475781315,-1.0542580682890228,1.1448292901656634,0.5488010377739425,1.9482771786194897,-0.44544465892332064,0.20511739907757384,-0.7755446539729545,0.259609146397231,-1.6827578568582517,0.9775746996983482,0.37978498574189223,-0.15879416563600832,-0.3985891058382159,-0.900300572513873,0.9989631972638838,-1.026885556419387,0.5614659847994508,1.8986185681367962,1.6809024013902047,-1.7072978179916882,-0.3996953255449933,0.4095906057244549,0.15267276815479944,-1.1073473196809955,0.44287425930059765,0.001447638181202539,2.080515295060346,-0.40216908501927245,1.106237814990822,-1.3866030420979847,-0.8851123084277901,0.8588659031351287,2.4170100872396105
1.4757044918650744,-1.0403732381923918,-0.1083354558128562,-1.565588595467346,-0.12354758848520256,0.942059980060484,-0.236136313617298,-0.11665250163640695,-0.8508281619142786,-0.5060050962897955,1.5782288146810053,0.1385400396757206,-1.1574868429279395,-0.3710194098118079,-1.4203926203372206,-0.772738361652947,1.1011876612193217,-0.10121227372428926,1.812451049277457,-0.05362463076337257,-0.10189237373885449,0.8448464744615917,-2.778493729170095,0.2566622041890532,0.22350807721742447,1.348635941403868,0.8183063542295619,-0.8866178914208916,1.281066537742912,-0.23834935562668988,-0.7628598690732725,-0.11228658542395749,0.03209992785957063,1.5143107553050386,0.31677365830831206,0.5388685065272434,1.0093290444742549,1.3076749187013343,0.8283271433895206,1.731678160873325,0.4959861892418017,0.33626121892245864,1.2561504144344804,0.04986840366071639,-0.1446643169602519,1.784903586855306,1.2348297224863782,-0.05809530606848967,-0.5617259087353739,1.2094075296192845,0.7771289238146416,0.22507910307281223,-0.6224358089733316,0.2805446325224329,-0.15640749249539931,-0.595037283525443,0.20304246814746654,0.30579435201717947,-0.392256102379288,1.0332883398604202,1.333759875147841,1.0049935444057243,-0.2329376219821878,0.7034623803701234,0.030445114814665924,-1.334105298357254,0.9476093847708771,0.012640440071503297,2.222174164006029,1.5333931953771829,0.7678341748637467,0.3673534528639016,0.21116429210575413,-0.9861054288810142,-1.637541384040038,-0.3709700430067545,0.06438307510735604,-1.929756813591255,-0.35397360935715005,-0.32996032976406897,-0.4097164927936787,-0.6102486516288502,-0.528398858026324,1.637166525647312,0.9141015231265063,-0.6509445149576915,0.09361850312871008,0.0669076077870916,-0.8047680945871212,-0.7704428136365077,0.9876426103730177,-0.30158834975845644,-0.8386569422025196,0.19581696250019254,0.11996014462305554,-1.8601723615375971,0.017899628108704317,0.6926742388600039,0.5295427716687907,2.2710800058348615,1.2446472582944954,1.4030376751381177,2.7564150875354434,0.58230967677008,0.17325022139610827,0.7834743174287198,-0.5311572612651064,0.24884143870016434,-0.566546748865835,0.5619037942415359,-0.7633233947046485,-0.7622824433065345,0.26175860760543807,0.08009541373128899,-2.039597997583891,-1.3258260095191545,-1.2084519984179016,-0.9271384634520059,0.3531012539381656,0.3609027399533604,1.1094393517931727,0.6328650420985049,1.2702414164336824,0.6090328250373869,0.13963216693866512,0.6867805206549588,0.738532169859257,0.41307412923746295,1.3673353474695076,-2.2089760644431857,-0.19461013807680827,-0.2477934164018151,0.8608155036476014,1.5485615734260323,-1.6618348781911423,1.4382121453518695,-1.1547163942222716,-1.2478301723366443,-0.29256240442039366,-0.478788856661664,-1.266062846392157,0.3952850586200257,0.9014554957238375,1.2242728964975849,-0.36608636453207793,-0.018853033727485903,-0.04896699777636792,1.6177979105697349,-3.051804320366054,-0.915301346967712,0.029334802527198427,-1.5474079944012171,-0.14040226299034456,-0.01296694356197006,-0.7739700958561512,0.17588994798737193,0.8873002136677325,-0.5625628370661171,-0.40032994451097725,0.12112723681236721,-0.0152587265001014,-1.4532184618877515,0.20281587088092562,-0.46632781333224105,0.966920904055673,0.6183305276132602,1.0241308787517214,-0.7491059199254153,-0.4415501221212496,-1.5642692198112524,-0.7955442479086359,1.1249521701381338,2.357536185108844,-1.015356224351731,-0.5809939144548223,0.05751559831360949,0.6494195861848855,-1.963646573188903,-1.3373620723559765,0.3693026963617475,-1.8834481127541747,-0.4367438644026681,0.4236057637370983,0.4063431524388453,-0.14057920391896717,-0.5479395039853061,0.9692077912208975,0.3798270651636265,-0.5148821457884594,0.019446353426219247,0.596897568049746,1.2853681150321932,0.8726613415993508,1.3986175507250596,-0.48012883340804147,-0.6843123408719808,-0.39696151036704824,-0.09756166972790045,-0.865508388603953,1.4435169280144418,6.830517531993078
1.176141393585511,-0.39883565127870885,0.759847035231985,0.12965971828178244,0.7178424313309117,-1.0307559320066821,0.05796768202820423,0.0981198138556532,0.6557729390802342,-0.4803235373548267,-2.1988379107528573,-0.9273371364792293,0.1110010778058502,0.05805140909223938,1.5382968537601032,0.823921946662118,-0.08159962525992377,0.009145503184873413,0.8963034377342693,-0.5665459132005656,-0.21719872932818765,-1.195809034361844,1.1254705914860168,0.45812293326331954,-0.4964045105385537,-0.2664704829977984,0.3900274322729184,-0.19628834987057597,-0.5924405594716408,-0.567080537721674,0.4528584124991072,-0.5902438682661143,-0.24753100272421408,-1.3609690027141526,-0.025307960423910265,0.12457677796356952,-0.21433075646012126,0.27517332373317543,0.7893332732732233,0.8111158068631044,0.4398062791031224,-0.108203472272754,-0.38076212827156275,-0.835110532651882,-0.8548038706691701,0.06854896530697784,-0.7501368055779448,0.03094693931125098,-1.0548072445988868,-1.8644706221020302,0.7961102883640526,-0.6491983687316785,-1.108510231031064,-0.9442437743075895,0.42838584038115163,1.5523401518003188,-0.3111048184056285,-0.23867989703063747,1.0879557854008468,-2.2316380354887984,1.9840502471963204,2.57881942876104,-2.844018291136697,-0.18906767511833025,-0.8119512944692063,-0.25906539539144763,-0.19531676603495227,0.6819706568739068,-0.3072939012536667,-0.8742186972857423,-0.24175132942072933,0.6297029598946703,-1.204416230761091,-1.5499160763735182,2.138973354915705,-0.15609294666820012,-0.011229033624029786,-0.3320778726162918,0.6909665395587258,1.5626785857051926,0.45677907366981046,-1.4356916924212544,-1.946737208935273,-0.4663160658889847,-0.18241653625012882,-1.9379731891813359,1.0718787127171245,-0.9742874561019677,1.4454096082727934,1.9280189416014264,-0.4132761728383286,0.4918931002970586,-0.985298162964039,0.8070125654635916,-0.5984245702035138,-1.0517660961993682,-0.23973454799540936,-0.5829840387440647,-0.2996893699567411,1.0107788469942096,-0.8194422314841882,1.6616679792002909,-1.1237219517914996,1.5315134244866602,-1.0042393103729472,-0.1778242623140403,-0.46440785720606154,-0.1918720148346545,0.9268959769968069,1.6788483213275847,1.4776781310422318,-0.4861897140373855,-0.021806008510719944,-0.5909224320511236,-1.051689536386955,-1.0333764510848211,-0.4104040334173159,0.30154153640589115,-2.194809283123384,0.13199328005882613,1.5264557224071225,0.9746198556102063,-0.34654569253402084,-1.3742560267999706,0.4101790045123464,-2.4198565462524937,0.9434624618348302,-0.29197265593586197,1.943399302087898,-1.614118999531093,1.105584822778503,-0.02571068180902516,-0.5772563138077664,-1.275892286742793,0.7052715852437546,0.7659721704062236,1.4810659877759573,0.9161059205108519,-0.5975335920989833,-1.1269056350140054,-1.090065291587385,1.1273910977154735,-0.48345284934066224,1.6605196035734564,0.567151007429483,0.32953740946057325,-0.28107228429367287,0.6620066114357027,-0.008785101887181943,-0.41338532129902006,0.788826107975471,-0.4035049996277681,-0.6504536197627274,0.7213691286254149,-0.20499694762750906,0.5510020197682111,-0.3179248912454624,-1.5059759629481941,1.9190137570600068,1.6103560120846172,0.9137202080722919,-0.2748018503496027,-0.5921107857221211,1.6403572565387325,-0.5267681454202565,-0.6841139439984323,1.6332766928858138,0.19552149816937953,1.8556390702194618,-1.7123189190537687,0.44126921425288534,1.9015405683546145,0.2490913590460125,-0.16864901821853187,-1.2629565329313486,1.1241970189025703,-0.6905000971384342,0.039465706235023455,-1.0089045577651268,1.3993481879302903,1.073481050777487,-0.007071390605237129,-0.9152921164938039,1.4181948300742135,-0.38140651088204763,-1.2893118324185673,-1.9251905243382232,-0.7057080519335814,-1.3584491206864222,-0.6521424953277418,0.9507873112238839,-0.3214478672202662,0.41112574893188614,-0.8124078912664644,0.20520545664390644,1.8617411053754058,-0.5181122904288764,0.5082300402443746,-1.4123980904871236,1.7165464081062274,2.279333144139477
-0.8578679547407496,0.9361970559285308,-0.3153297526791078,0.5403286828006554,0.6722589235722347,-0.22410598852103905,1.316096917312475,-0.6900837469883156,0.7883449177055004,-0.17319866228235412,0.3287815348522924,-0.35526268180258314,0.26062242098172783,-1.232117866673818,0.24325997234835914,0.28544624558036646,-0.6566029837336755,-0.013546010130763154,-0.23373369973896402,-0.5937558112972302,-0.2044579304406367,-1.0970804554382323,2.009817440783074,1.1741496570083525,0.5756066552686958,1.0318438290935397,-1.9525609762671436,-1.9999263076747542,-0.449888185411065,-1.1745337684812285,-0.1098883523470159,-0.10492263070857248,1.283460438810342,-1.1631194389990156,0.39353107592778724,0.33404847016054634,0.4555738395854844,-0.5545947438539495,1.4849602172857432,-0.2212326973783347,1.6661934592746768,-0.7065806387625436,0.806318603409844,0.07886657302766023,-0.5539096591609431,0.6864079775711326,-0.34863436581243396,-2.325126868669299,-3.075092715598559,1.0217265642551037,1.2068241784397358,1.9645237984050214,-0.3352749509372804,-1.1150367277813136,-0.6795728275613192,0.11655790424081326,-0.8946740550265603,1.871510823122406,2.282609864260223,0.5214113557001309,0.08724851969117256,-1.4129255561264502,1.7254968997483273,-0.007272072086733886,-0.35763642732323053,0.5668283906355066,-0.370588742746535,0.013388108364762492,-1.550377891936744,1.1570453925954296,-0.16429063259752438,1.2658050173089292,-0.17214414306765183,-0.22491287343008926,-1.104550989987887,1.1531408395130702,-0.6341771384149627,-0.4149927884096917,0.16769701265613138,0.015552761012012115,-2.033708948205309,-0.19502475327779412,1.0179974514646697,-0.44587759197049454,-0.1311469493291034,0.1497648345808918,0.030127600480730217,-0.919369165281748,-0.0767433898581731,1.0667667103720857,-1.3068646305284333,-0.2597293801742571,-1.1452233059730064,1.0982174633145474,-0.1252923596318856,-0.8353596987415244,0.15575157307111218,-1.2887106301163682,-1.0562369830492881,-1.3617346833607153,-1.1047387314501351,1.320232613109601,-0.5669383593217728,0.2590733163478017,-0.8243496042521882,0.5722245557615558,-0.9825118241948588,0.18200596614495645,0.15547758250412605,2.5181754632803726,0.7964142219685131,-0.6702511129663955,0.5977236147669102,2.4501134399341398,-1.7251831147980545,-0.7460685640982901,-0.18474472638700346,-0.42172321385749983,-0.4652790947445215,-0.9533756941146725,1.4227727992719323,-1.381327207685093,0.02906317372810652,1.0416723990513157,-0.11978911182565341,-1.2032765238014562,-1.6982760571351407,-0.31159514232816266,-0.718092721362751,0.24324770511541663,-1.3897861524312682,0.9626021947449381,-0.14440028430057777,0.2218590369412305,1.683304117530617,-0.2528031558270084,-0.7574389615199154,-0.6503277377532175,-0.25714807903900616,-0.26398864333729655,-0.591710920426539,-1.9814698365485788,-0.2770384602753821,0.5136728337289566,0.18859582060532767,1.1495377154504278,1.6184442190440587,0.7537978332424853,1.500422334945997,0.5567359032646904,1.9040820759536896,2.01991437620441,1.0019741441096923,0.8291604700177053,-0.34036062241042325,0.08238065569358469,-0.18869006538894176,0.2690039497129616,-0.6834854512221754,0.09908828292025103,-2.4624567253974012,1.5643877814580485,-0.5088032897231018,0.5754286854983234,1.1483900303483965,0.3088373432189513,1.262072230864806,-0.9753612631205644,2.530847948349347,0.6475205053759402,0.1288930100098544,1.2889732617950562,-1.4842288980477312,-0.19221774659490037,1.2477588867298914,-1.5913562561847012,0.6245650582053034,0.7937717150417074,1.8467123905100213,-1.630993745491127,1.5066910814946155,-0.5533410601687184,-0.19598028146668972,-1.0728737131461776,-1.156819330498127,0.22334139585928303,-1.203685243559655,0.9103456930366044,-0.5315414449829542,-1.2522245620606824,-0.2955453733446265,0.2250772747662083,-0.26735313985824,0.051908177988418576,0.8451689277767253,0.9886367343285375,-0.476990969186729,-1.1309021385658595,0.19797383885351022,0.5892309937500861,-8.405485435401163
-2.3282101166926363,-0.9746317248668389,-1.1531125325125973,-0.32542878530253516,-0.6649725540517604,0.8245880003185305,-1.4257530357141557,-1.6129865378716268,-0.16696361506313914,0.103398611703725,-1.2716233558436019,-0.488892213883953,-0.3471940074989797,-0.4600004328870197,0.15698781839400022,-0.4202118295089676,1.2098617388499195,0.5310022488392162,-1.329921506503022,0.14320287659717837,0.0749765258361464,1.521656191067219,-0.8012659211027865,0.8607442126127137,0.3228154394877981,1.3542140315736426,1.1253414268124304,0.1537329810513592,-0.3054071817864247,0.4065344719640538,-0.05498370843363713,1.1646628317684042,0.3454341343439696,-0.4303062518592172,-0.7241606185222688,-0.9803359351509396,0.6648570065543269,-0.9013089596278734,1.172829378376005,-1.7464370725143095,0.012600682890097463,1.4058067384226556,-1.8174557703112917,2.008447069760588,-0.6644917987981549,0.19102378439879517,0.3689761201057351,0.5691934378635162,0.13896036171731668,0.7511160516161423,0.49587608592538934,1.8245724812794668,0.1741000224951215,1.6835213747493085,1.0569631958637369,-1.7969728953313386,2.6012867216932616,-0.6448170689629491,1.5215896303002023,-0.02167090914871096,1.1153371619385897,-0.765452397592542,0.7362351774695755,-0.3519079208346405,1.6171671315864367,0.5197668300877427,1.2233213614727692,-2.310419324078148,-0.28205899786209204,0.4692444786449935,0.21061823254895704,1.0705902886556893,-0.34524413020454153,-0.06259326736283713,1.3177182669494696,-1.6838884769656732,0.6017791589478944,-0.2722863610469317,-0.7059791013792984,0.21725662748131236,1.1622089736367442,1.0286739341315054,-0.24761672892023245,0.7967550247357769,1.1567961607722863,-0.1269712205101247,-0.594856182202602,-0.5303688748479596,0.793172840161928,-0.01294606484293938,-1.3013070110048874,-1.4705060625889685,1.2196794901470602,-0.2658112367833636,0.36755600939516353,1.0726616179661417,-1.2964244593542213,-0.1806865296946857,-0.13471074380512685,0.44966349668362393,1.2325353955466052,-1.1086801370972623,0.6585926268900619,0.8849917417805077,-0.1755775097320295,-0.3123747682272529,0.41408668813038235,0.4803506210434515,0.7011874110356509,0.7274379624945996,-1.164788118726367,0.8793589439534262,1.1936747658310884,0.4172820915342653,-1.582184412841402,-0.05788091515437494,0.3002547592626123,-1.2109667118362224,-0.49526968657563003,-1.044093966585859,0.685723462065397,0.08950932555491997,-1.3813512880630818,0.354917782799638,-0.14825951347273547,0.15675660238904568,-0.6699323515675023,-0.9948781950877915,-0.7322982806319629,-0.47136324822811637,0.13811526622716813,0.24309222203874184,-0.4412443072428053,-0.3669509807966664,-0.3905677893092118,2.441096479896896,-0.7974748137125114,-0.6606057989216777,2.699518198237862,0.21995900072424368,-1.1007119563052747,0.5667278520863055,-0.6087432650345413,1.075871145033758,-0.1494636200995559,-0.39621667820986334,1.32766598611739,0.5742990662053274,1.058311219083254,0.27333561975640297,-0.4656366967684389,0.514105449592368,1.2457062752639012,0.25087685016381117,1.582928897544943,0.8705563088680627,0.4237416616569182,-0.08957084321610759,0.22546816918008594,-0.8228935923421671,-0.1013955394687907,0.255806408852329,-0.7129006364309738,0.4399454112447162,-0.17988754659371498,0.8127360076165554,0.584337550381084,0.4061824791308287,-1.5106166249746442,1.3155596133442635,-0.2260568366961003,-0.13904646071365417,-0.2893545947488272,-0.38355793437453556,1.3436962480884318,1.4038186581283776,0.5098545269694101,0.024196839057132016,0.6433047696869829,-0.032023653338444376,-0.20792593753997546,0.37549378985907583,-0.19002783992338318,0.25875144800381195,0.23099304296956252,0.42327398790593734,-0.6560546195530282,0.8751999574039954,-0.7857176668568674,-0.6010479977395751,-0.2966385811983545,-0.85611109760347,1.1184590410098,-1.0927581275097902,-0.5696867698005933,1.1687664597214003,-0.7560055848066525,-0.14869813422568107,-0.86943621107912,0.9784116681771989,-6.6650773909485155
1.1214020600104475,0.6294751114916859,0.613404197783609,-0.02809723492161185,-0.4439842385950695,-0.5519957318191673,1.5173856899597677,1.0233941056158231,-0.4757830977293492,0.38119750974610733,-0.24750649499709437,-0.9702731696889404,0.43268406473107895,-0.4851501758723739,-0.8388839694436182,-1.237639646677505,-1.6033899603225892,-0.330710454859061,-0.4889345806466665,-0.8622032650850776,0.6572552671111064,0.011623801209401518,0.3220429889244159,-0.1599336999676183,-0.5834170602021925,-0.03581103226891716,-1.2781083872968,0.42147590686675124,-1.0170815944218223,0.7517605006169628,-0.20946987912245404,0.6327968832222152,-0.9927267363277554,-0.7025045759821056,0.36921198908987424,1.5720623554763153,1.776145863642798,0.09340367762140583,1.982870682807257,-0.4599408628739586,0.9880508552520957,-0.8718090109400282,0.5139254215270375,-2.0402334720203044,-1.4538786338343261,0.5193652622026708,-1.183818025462145,0.3136158053085807,0.7482735383128443,-0.7234652506525174,-0.9916461559928591,-0.648946066962368,-1.2300179199901067,-0.09139998708015293,0.006375611143129618,-0.2177087885648308,1.696175946327627,-0.8090236032594259,1.4150911980392389,-1.3063796062396729,0.16746715529954684,1.2326093541110286,1.2795054986492942,-0.5266510490236375,0.5347870479842315,0.5004033261427306,-0.3226428867069719,0.48507224632215656,1.5388401637489582,0.5314117342510383,0.6023458306017905,0.7851397119893387,-1.4956916345349898,0.29842913530624166,-0.9066462352663179,-0.10703603369099217,1.9283330466201352,-0.19685935060659301,-0.5413153935251961,0.9816912377793424,-1.2074577076266844,-0.4037490716146723,1.635364745455712,-0.0286155581238253,-1.706738995296171,0.5725331206695748,-0.26797770960990325,1.6101536631218312,-0.6437922120905036,1.1263183628063742,1.8392201137777273,-0.6999740856734781,0.12450383765768358,0.5915677873048772,-1.0171349735935904,0.18761788560702802,-0.17297595036022592,-0.3719118875950879,0.09987064546369996,0.14596006528318484,0.14264443795686013,-0.44817972025662,-0.39956069735150096,-0.3884517573873558,-0.03420916639277395,-0.6096167277943576,0.3227130103161527,-1.628031824693537,-0.6518180712803545,-0.12530032594228574,-1.0117047374670052,1.5047462266631977,-0.22641338933074862,0.407583675447911,-0.5151629417865494,0.035707540034501335,-1.284903155776112,-0.15347035079037954,-1.1271112145851783,-0.06736966400712707,-2.244482550454673,-1.108554820687777,1.6527309569132982,0.8286009688898699,1.3394428818241388,0.948974593642734,0.4737755799882972,-0.5780662183068166,-1.006234883104178,1.1482983986996795,0.18732443111608796,2.7811682765870502,-0.6102559552204178,1.9341204671868224,-0.16540529649005237,1.3695105621276182,1.4022253089547854,-1.1287575925143165,-0.505181993557051,-1.1544281553356244,-0.9616787445178863,0.4105691250911796,0.06909974319273011,0.19895716803956034,0.5974957820190796,-1.7328727098475005,1.0569736353287642,-0.2774516005445046,0.5826724692956206,0.432000987400599,1.531078458715786,-0.3559863759476574,-1.902220986245187,0.172364717821589,0.048671265157511516,-0.7951442426202211,0.3519056218939807,-0.6835394281691204,-1.3431728259763103,0.8492712152452592,-0.595115352574366,-0.2909802753323631,-0.761411550941932,1.4716126769765399,-0.23742425274796397,0.07339261950748492,-0.3731876292609397,0.6961560501179405,1.405707614640754,0.2304788128271595,0.6118040702056431,0.512506284014455,-1.7902939934090931,-0.7548550333228615,-0.33752560090228134,-0.5406423781934365,-0.9814748876686322,-2.098830018869884,-1.1087588524699088,-0.35082558193589314,-0.09285003366894427,-0.7950586425792477,0.33900757801830944,-0.3609627625614965,1.1830222443974312,-0.3432773553166073,0.8046060437279347,0.28424272259149114,-1.3035423909932173,-0.11108141073801452,-0.9889587613653776,-0.11631746056964291,-0.7687019723753211,0.44867473420862863,-1.2222252190164342,-0.12317436757882376,0.46828870054985766,1.1084733251949455,-0.6262932344744626,0.10273196218435611,-1.8688203080497179
0.13084340121195923,1.4250348199819767,-2.224426875353639,-1.068495744232401,2.6644546522467922,-0.06189895466507911,-1.7163631124145906,-0.4916855702532474,-2.2591683257055353,0.6404378187104852,0.7370225816214085,-0.7703693047367655,-0.4410983398472128,1.032291925481626,-1.5581639011715176,-1.0801025594079128,-0.36799468725552653,-0.7125416858909559,-0.7321062568884282,-1.2649095628976277,0.1747986192254324,-0.08708161790421697,0.29561753535861834,0.2517859087540622,0.5030137511888838,-1.6104826484541594,0.3739710783648603,-0.25894960183366056,-0.20450416039393976,0.8608165657172692,-0.5819634339689755,0.8813078920607479,1.867326552457922,0.72842414973721,-1.401875644965564,-2.022545765581894,1.1877157754450505,0.17426101734516633,-0.8460882343562564,1.416358544514309,-0.980193416335784,-0.30792978153854433,0.6088046981152906,-0.8998224251780634,-0.30647131139570305,1.1471024516303594,0.0719672416442204,1.014517897621668,0.9670652318835745,-0.22260063896315976,-2.3589736662630374,-1.3479131960739734,0.401499111227358,-1.336373922183527,-0.5574303523983754,0.4609562373305628,1.4983028567794754,-0.6455818296220075,-0.6664969710794612,-0.11698569089968441,0.4342209940506081,-0.19511811906641566,1.191302772367436,-0.9229445956219686,0.07505342390423028,0.5270127946390317,-0.17630254405785217,0.7100769801646232,-0.06283749538319273,0.8538377362233107,0.17688962048009876,0.4930238949798101,-0.6252072663057185,-0.658882895247086,1.3614060647509016,1.0371305347225697,-0.758284097899964,0.20928611200597463,-2.1039311249018153,-0.6356515408166127,0.8719570487437847,-0.09321257732199813,0.09659269572100516,-3.059842536755097,-0.3285835333413101,0.3446124319343477,0.6817035917124602,1.0418345269973788,-0.24980291761145784,-0.14163905095981033,-1.6195300402284247,-0.10268800246034761,-1.0169530718061242,-1.458375189833866,-1.282749401132533,1.3182303786446667,-0.220277628060818,0.07278964070113624,-0.5008449897741651,-1.687037859994697,0.9253704860702394,-1.8705401085080853,-0.3992041629103952,-0.31761893922950657,0.2405501278777071,-0.8932668449597183,-1.7674512865943754,-0.6383940523398053,-0.6706697269522682,-0.6252255194526826,1.2095192960221985,-1.2777921449690721,0.12259277691320111,0.38834699404670886,1.008633919695988,-0.07526788834193153,0.9712704240038467,-0.1560773629083357,0.3749733568884903,-1.124832936697226,-2.3169802551687777,0.28541996067017283,0.645103725179065,0.47759564906889024,-0.6548755818719311,1.0417168930925222,-0.7433618464482277,0.46661913443745606,0.6717794659476897,1.698141779158119,-0.22318972613875038,-0.6236287234604124,-1.7084340619037004,1.5302891071461264,0.5035663519378059,0.5619521506801981,2.668165285983148,0.22843829909600072,-1.1983226862337748,-0.36318198267695945,-0.7252290829536652,-0.5345753954119346,-0.12659316812689017,-0.4555237537184276,-1.3005892470895635,1.5200502275324972,0.2274987796765363,-0.16243713170905408,0.8258274949288822,0.30420527885147064,0.32649223473005,0.6035716372916493,0.23008829897900404,0.7925816776086984,0.5780693179396745,0.26272105511963045,-0.05787318792459512,1.1506364368318747,-0.42651666212987016,0.6056103171026367,0.42393679130215534,-0.46800616042529414,-1.1216339119365792,-0.35469328210422313,-0.6547310867279648,-1.5628787507715574,-0.5561122054252502,0.5033291784260473,1.3162011902334467,0.14173498576364812,-2.7106947058954525,0.545764451539345,-0.6012387344946734,0.5180842592249414,-0.15407423329973524,-0.04974003346552526,-0.030398414754092495,0.12654896981049227,1.2897834189979283,-0.12222133028824407,1.0074160912296517,0.9982514695742232,0.9372515339368056,-1.5828586369022561,1.2110122257203497,-0.6403238595260403,0.8261432924347442,-1.0864122252184478,-1.0768873312943237,1.9905291057927084,-0.7159871017946232,0.8462717397531442,0.1568241677411059,-0.4664570512853391,0.09365175270284559,-1.4933064906120532,-0.15957272734500738,-1.1750952705630058,-0.2645882702326471,1.0776113224726247,-21.01880310764897
0.2355574377175048,-1.556956001958728,1.0547228948640237,-0.11335091062167842,-0.460613744182381,0.8604364453798986,0.03606394335426447,-1.1473852976534924,1.7076109852025747,0.3075604334090425,-0.053483642824094804,-0.30274739694801395,1.7834521393709093,-0.609099755111854,-1.3730996209563777,-0.43730797483034545,1.0701428336334553,0.8757627272330909,-0.6868534182573494,1.468878693382819,0.764710239719942,-0.22549933932356273,-0.3867069410612487,0.3902590077241398,-0.6323588849169945,-0.14642430084342123,0.20071427179478996,-1.3191813637290806,-0.22846545432724244,-0.2725188695315366,1.126614820713821,-1.8699817489107449,-0.16703399170415767,-0.5064381964837756,1.122541871128717,0.27200761007914825,1.905776137544806,0.8103537600319604,-0.4792086727816732,0.21881162442979002,-0.4706535899432273,1.0892362110063936,-1.074253982540339,-0.6306133902398836,0.33425062720644433,1.2848798833603423,-1.9170126324212011,1.1230475107113684,-0.25983440362798244,-2.0837661211922693,-3.023736048024544,-1.8167206924429273,-0.33732866498072067,-0.061057852269738,0.7047305575641831,-0.47409627723056386,-0.9922656541740212,-0.4622745060213463,0.026129059678619435,0.2236905412798984,-0.659203628798005,0.9319167878844111,-0.6037924452115871,-0.9967605692780378,-0.6253178838586678,1.224121578814018,0.10383306094691623,-0.8326810534252526,0.663581002518925,2.230285131925845,0.19469469853567697,1.339924402654495,1.127632890366496,-0.6368304650605788,0.1492693496976896,-0.7537778830498453,-0.06824373450329889,-0.5457526683455404,-0.21868369922586117,-0.8004795662927536,-0.48779676725448035,0.5402242699307181,-0.22636617264906372,-1.918349235247654,-0.7456412207830458,-1.7135596268983955,0.43790172612125017,0.5900904828339762,0.21471588557587898,-0.7894840028760981,0.13773885063586538,-0.34809256916220876,-0.8851641630386955,0.9154022914691335,0.9360595529944808,0.8071596019078057,-0.5703563020664616,0.9904992267773385,-0.4795755832544227,0.7191846173508794,-0.5413186094506924,-0.10931288806200515,-2.1547374279097973,-0.5914362973940033,0.10139759519062998,-0.5812145402892464,1.7074361549208474,-0.9911999067658809,-0.479824542531703,-0.7588108511777605,-0.6561259520915848,0.9196332737317878,1.57871901046081,-0.5062751582017868,-0.7682451511881162,-1.0436157624004243,1.550560101561553,1.2468810056706656,-0.216894350145295,-1.0326436928556122,-1.0850097621134889,0.0938370640683891,0.7603850239014945,-2.0361918683161297,-0.4346507888156252,1.158619833430115,-0.4829637913690351,1.7444673516685385,0.7277273287464948,-0.9963229750990618,-0.1969855833390958,-0.056202894518720535,-1.179592014425389,-0.8917982403756551,1.7593085381083642,-0.746276003979361,0.8510508968944733,-0.5382890119263688,-0.11561738599658863,0.353079682536794,-0.3765958720854084,0.32239542970864743,-1.6884786276964525,0.5954398377908173,-2.347467294708963,-0.19542552435953167,0.6938190180908219,0.626301191003323,-1.3937880091442136,-1.0969619879302117,-0.7342802327645541,-0.002375261557018828,-1.8156049905135392,0.10119616637345964,0.1547822475003523,-0.131228613690461,0.7727621231694473,-0.11649303674076412,-0.49408810294926475,-1.4185851404541645,0.1315579514660257,-0.7673067784336113,-0.8821978848850837,0.6024829348542918,1.1109838318323202,-0.051315728904374185,0.48973650095918675,-1.1741674666227213,0.2207321321648121,-0.44150448019356914,1.160121893178666,-0.5748318668410196,-0.14343916957003686,1.0981803646955637,-0.22895205687047482,-0.8932545114509407,2.592514364951879,-1.1440947756079554,0.03378910495932232,0.23134993565125872,0.22823221722859974,-0.17073824474786858,0.0707830378063894,-0.18130581366762513,-1.1869819451022239,1.9745835522827364,-0.2128534237848045,0.7432280788843376,-0.18861575057223118,-0.37960308085189753,-0.2246522747869512,-1.2228064281921234,-0.14224343263998976,-0.4514965342966066,1.3272086098192424,-1.3846011464123744,-0.7630369602661937,-0.9636428485434189,1.538398391194702,-0.8502455564071691,3.3604141987018554
0.6961749237132115,0.8570799834874816,-0.347579275276301,-1.5605506735730734,-1.2281603304698663,0.9627188014040642,-1.075489461997514,0.6042112603488161,0.21817457582886296,0.8160396249406894,0.4370246260386038,-0.7906860898159063,-1.1213973550668905,0.7957747899999932,-0.5474564422185512,-2.5084599269316517,0.4430340764113625,-0.9971557768123741,0.15428839937377567,1.4891635340667806,-0.04358850665072235,1.2634054901066827,-0.08165286429520319,1.7416164503098863,-0.8840356150365213,-0.15926048087778602,0.5439259834960898,-0.14913875201621404,1.186242619166091,-0.38069557456136816,2.1447231160276323,1.5451039185558653,0.5722709066975012,0.5281884751579018,1.4238036660866153,-0.9526671966598802,-1.2057878879896469,1.4965382070185793,0.27017141606615097,-0.37895153381193847,-0.1039864649627351,-2.44347402942557,-0.0396022655220411,-0.5650081357148652,0.858442772457471,1.0521982748205807,0.37328777728252754,0.28671427300741326,-1.5671386637157243,0.35092154655991964,0.6061661410150181,1.2538671715509642,1.6798771244774549,-1.4586421635309426,-0.6386702894956717,-0.6770979178619888,0.24503957359645984,0.02050707536961953,-0.24770234709278643,1.1821784819995664,-0.9586755981664117,-1.1419257399423286,-1.036623360162908,-0.46396728857540365,-1.3506851972017748,-0.019693506352627538,0.06958685294368736,-0.9251944518639144,0.614656251985993,-0.008634777735253512,1.1695689156336544,-0.07140770605600515,0.013744636586048136,-0.5992246080011984,0.11518442437784407,1.108765618993931,-0.24234495731992978,0.5250794808176765,-0.6107346836304344,0.6130449730760061,-0.8067939393683204,0.8480373308075414,0.019138304520435218,1.4360787303032136,-1.2264363367725222,-1.6656719883909026,-0.5101504592092796,-1.2678378925330982,-1.4165353714361344,0.6786085866527168,-0.14164050069252732,-0.3569321075200302,-0.08250163823523173,-0.31206153051381263,1.9064250793511754,-0.7306476212515498,-1.3101145398272878,0.6238766786410227,-0.1828392404252434,2.083015273302621,-0.556819399312521,0.8579586425311977,1.1405586054193433,-0.8343886887703423,-0.7311345082846252,0.5543081108850488,0.5653381151667443,-1.233461258663818,-1.0619696643464542,-2.412731019896536,0.7537960370675368,-0.34619254325786114,-0.4503428292992835,-1.5379006319296633,-1.1641542198787258,-0.40135537167476454,-0.6743823185920248,0.15859095499127643,0.5382546773279361,2.1303403468023814,0.10535586652922704,0.9685937831281535,-0.5853811957401863,-1.6492814013486914,-0.4681694087706125,-1.7654781562031092,-0.23350971072773785,-0.9697395904397342,-1.9491759666578226,1.7147573544419632,-0.46043321985174196,-1.6886246874238078,0.6141369432007103,-0.6601237805180055,1.2773057710198839,-0.5231505039012897,-0.5925838214441057,0.24836033045257574,0.4092130467773555,0.5484056010752887,0.09490731534781978,0.2874615497599749,0.9643799317549121,0.3506577058360244,-0.08296160625659997,-1.344308511534849,0.4796583403798497,0.08657275230261138,-0.43860428945770924,0.993117656972811,-1.5473376094589024,1.768661804608178,0.08254758415180392,0.43578058199039926,-0.5222669995623089,-1.3544101770809978,0.03211091550974816,-0.008832135010099289,0.7967413228253853,0.09306398167771242,-2.292936670569459,-1.2801311344615336,1.8622859218005008,-1.2035178801856108,1.119968051207057,-1.0050717256943058,-0.14921081098555788,0.8553463501447294,-0.9233664941139309,1.1270882112502105,-0.006047183293710193,0.3746514969944732,-0.1810007608351539,0.7150205530663384,1.3770840157622428,0.006793286294187332,1.7801812254708667,-0.5822651194583232,0.772529777743341,0.368808738971655,-1.0446880168594437,0.2468689464325994,0.26621651619264913,-0.7397460846343136,0.39616938091976106,-0.03456078181664305,-0.04917995734151859,-0.03260445982056226,0.06691535752435965,-0.39275533495169523,0.35851365726661694,-0.5275258935736938,2.8773874620937305,-1.5950937715375977,-0.45389160399294154,-0.6651100263991548,2.0407838865780663,-1.4474644999282937,0.5411423640559311,0.350486399625006,6.012856875407593
0.3542763473801556,1.119104939190568,1.5668628791301036,-0.582318252339325,0.22684547211038142,-1.5008850378145198,0.3067882622689041,-0.7294458499669252,-0.040222124054787256,-1.8429044893048956,0.3778477402765552,-1.4949456947292328,0.3931079630487411,-1.4041421376637029,-0.7461013071863037,1.3958195582393544,0.3867648285565037,1.1936016163581713,1.4269080019378055,-0.7559806204624028,1.5949522312161997,-1.639580150097439,0.4835022200994756,-0.49336813929080375,-0.7399442097914305,0.46910948387048507,0.7997382249062504,0.7153088166557929,0.1977591073462264,0.09232143056842992,0.6365775565157828,-0.020458022950922278,0.8611439719128055,0.17949547527875662,0.9699768358078142,-1.4238509241768307,-0.023743379730307445,-1.5524220622226985,0.27314341593777386,2.016947755702639,-0.5911543076217448,0.2922857940521125,0.81869794604103,-1.7858233834457262,-0.7742605292156692,0.4163380694629557,-2.4898876973986925,-0.8855614057930445,0.9355249231551428,0.756638031304084,0.35117237833296605,0.8521456142282147,-0.11577713940660968,0.47274015469880715,-0.5429153573234474,0.2264812815636909,-0.5326582848497275,1.4355901931180104,1.5482016412639439,1.6059611290463627,-0.2937408571397832,-1.0486755704249204,1.435967433945953,0.48181184567288404,0.2953737570439099,-0.6674588965628996,0.6888118803712858,-1.2256193591196534,0.39059973433514034,1.4537038145621548,1.819205074430887,0.8210618344341718,-1.4127440118405254,0.06774816050573178,2.28767572101321,-0.3672842028786963,0.05471218995222183,1.362501436922049,0.7570124367710819,2.2253133213430827,-0.9734381975306737,-0.9263340511476315,1.6014550828702085,-1.25595623028724,-0.09818963745006466,-0.10290172197590955,1.310632069646863,0.6992780372882592,0.4142501229229161,-0.3883521686851442,1.2152125017917836,3.8061018839198173,1.0695140742602258,0.3267171145975405,-1.5307015405094053,-0.6411544449778216,-0.16135798976559768,-0.648838488283933,0.030429218504349816,1.8262937552582914,1.2406511187209208,-0.05041645083470307,-1.0138782660553045,1.2236327617732083,-0.038498181049071996,-1.8794938063265023,0.6983124834061876,1.145079089480149,-2.3991592905830434,-0.6773920133528235,-0.10473709561401705,0.6290249301623663,-0.8877750094874549,-0.6430571409841166,0.7624029075168128,-0.39224252824574546,0.6911848152095947,-1.1750748069799124,-1.5820129392764748,0.8236789538432701,0.35749882074126815,0.7899460176680402,-0.2952336181487358,-0.7790845430685579,1.3845207388074043,-1.6975014751570527,1.0952806457170812,1.5422451687881997,0.9447360993637568,-0.6152054136265852,-0.7605344333585824,-0.1442233967157218,-1.5115788908344239,-0.8839487735272916,0.7619480807292244,0.7414722840267064,-1.0460690691808765,0.5819118968165601,0.2914036300308643,1.249216697023933,0.7054658329177893,0.7586971089600676,0.709217688267523,1.1484112873518981,-1.1972249884040793,-0.09632389056933842,-0.05615044632546215,-0.17944237494719573,0.48711608270564943,0.44367230120083384,0.4547120003145853,-0.4435608447965452,-0.5913225848465266,1.224506903388747,0.19149037249774084,-0.7813157536652837,-0.02812492816704717,-2.0239883711472664,0.11749995692853278,0.09276242332747901,-0.6063122408521904,1.4437241974472195,-1.4850784543947275,0.8636383155637442,1.8224060801430668,1.1358708766036114,-0.01828701348681341,-0.8697820087384066,-1.5050870895063377,-0.7753716366120423,-0.777153971578596,-0.7446510065713872,-0.2659125554932084,-0.01373815533380164,0.32590954209655126,-1.0119848800048696,-0.6036409424071898,-0.03856960144709734,-0.08278513941658419,1.6691281997666996,0.1945363863947022,-1.6441699171846715,0.6841035193516246,0.5237629174340503,-0.1227598536716653,-1.3977852049593387,1.9835160591738923,-1.1999015948245673,0.85111351549722,0.1844883063991287,0.8101108486448008,1.2766347647243783,0.6318514545960076,-0.6245281710309804,1.2607495222597136,-0.795644002696027,0.030351045935598713,-1.4164280751582095,-0.8902838818487447,0.13886308317333831,2.3895620546199328
0.4058298909758003,-1.7737371350213604,0.5568369715875863,-0.9716359370101868,1.24063449845609,-0.1332304349841796,-0.9362419778063632,0.24862434100969188,-0.66733127083012,1.9657487233323538,0.01917886336071955,-0.06879802190487082,0.9908124680520121,-1.153085520431438,-1.1424169771279018,0.6495539314360113,-1.174107582377094,-1.0610590356123701,0.5848115713591799,0.5895575407810402,-1.4481923543843997,-0.6413161041885539,-1.09071135972673,1.9445061362687845,1.2675109219161347,-0.5756576600336712,0.45265944927116286,-1.0605694912604229,-0.7381523059031562,0.06959800634371568,0.5636042195379695,-0.3658870959377347,0.5343256997023147,0.05379956952564041,-0.33908003808665793,0.001512760204882902,-0.31906405716410013,0.3134741514102177,0.42003081118813124,0.16585313755492498,-1.2985121041767869,-0.933578861385519,0.49460451528234173,1.5008786293617542,-0.009565062373703003,-0.366425972664898,0.08287182738218954,-1.0222543715796764,1.1359584018644675,-0.04662373043237313,-0.6922513360873089,-0.3087605363453803,-0.816015585683039,1.122511132846474,-0.39378807586415104,0.26813165623056323,0.6327101653323152,-0.8332061189079559,0.18989982800049396,0.2762113556155354,-1.3928167481192566,0.23932550536656436,0.014715175775731755,0.048852751130797706,-0.01430288541018187,0.32103052221911843,1.643782501570026,-1.3203728915555204,-0.5218896582893008,0.7295753826872422,0.5047052131654595,0.5750048460681161,2.9319819100244517,0.43348064613312476,1.2668257779333274,0.15703122870129083,-0.7329331697772431,-0.25398009261957466,0.8477181248521269,0.28309573838551133,0.2642945360596943,-0.1791627944026642,-0.5723236876803548,-0.24920839962493518,0.9875621168415366,0.9012981645149378,-0.9399693261553227,0.8449996641545514,-0.6881082942861134,0.5195732456684233,-0.35063236231849504,1.533057833281431,-0.11574228339068716,0.3990721694915897,0.6895635361886356,-0.8570511431676007,-0.01537950098225241,-0.39249235052034975,-0.5011838137590701,-0.35711841213737644,1.1036622449392433,-0.44793056253140473,0.6554039101367447,0.0911831472246047,-1.3840342636773386,0.3351781013419646,-1.357087178627394,0.7569098757714248,-0.4217088102315065,0.16694624039514327,-1.5446562634590366,0.029872401471611573,0.8969787861522109,-0.6168393517682861,-0.645976631300577,0.48054369183382306,0.6209753434041761,-2.6099702661871773,2.1066452528212105,0.6280558104190969,0.7686431377961104,-0.19704991777019273,-1.5858249357890821,0.6746316806206452,-0.6984132930154061,0.18177624384042412,-0.4843517548456404,0.24800923905740094,-0.7365673897376123,0.876877771489361,-1.1605679437889096,2.5123804224859527,1.9126824299430385,1.607432006376924,1.49171001284407,0.07026789798551115,0.9296014503293087,-0.1956581373727426,-1.4113525347495834,1.242897848192616,1.22410889879271,-0.21044195483967876,-0.9081768711942886,-0.4546805988126709,-1.7171634922625,0.9095928377540201,-1.3695887083845335,0.31419473939847675,-0.9028962386648223,-1.3164705815595104,0.2854240604855183,-0.6341171723632831,0.8952666320033071,-1.1677593257925196,-0.8694491575057016,-1.991234110030016,-2.245474386316235,1.410326714591773,2.288414278412258,0.3459332042210832,-0.8662385595772777,-0.19694255948351413,0.6327121710944267,-0.5391669683575401,0.020144221762219288,-0.024381360043995937,-0.4843834653377392,-0.2737053234694434,0.2720447807302149,-1.3121256460439317,0.3740837399309719,-0.5095174295806527,0.3902819378798511,1.4095662597418637,-0.30215708379391726,0.974545546189539,-1.7004847980099542,-0.4123522931269443,0.1161390226460259,1.7530041299126355,-1.8938447880869749,-0.07394707845178422,1.740487377890799,-0.6781703022979502,-0.21696978784307142,0.15137123736233343,0.2362920807901923,1.872676070096988,0.6293661798328956,1.3310675981646867,-0.1311587449473668,-0.6016726479415033,-0.21201770429011743,-1.3095952138421982,0.6294649049438835,-0.5402962517536305,-0.8644100957275715,0.6392881673620677,-0.9986162093780945,0.9113296015565164,5.1679329418678694
-0.8595584192688536,1.0430645171088802,-0.694235706665728,0.561809128260134,0.21334745752145062,0.8579271087842654,0.3178224791556642,-1.7070819883383692,0.9867055122054887,0.21680782668454396,0.7190433850081434,0.7084126914485854,-0.848859984086591,-1.0509305588176987,0.6109781593117077,-0.061937135065242364,0.7091074350773479,-0.13701729873577664,0.8022206118780216,0.48406315557173024,0.256229351749033,-0.3521997241841913,-0.00662685112999076,1.3177955074660168,0.21779176536933018,0.3850535724479897,-0.04602784527052439,0.09714824495499945,1.7885876889016807,0.9895262660129532,0.19908193719077433,-0.09734855704610094,-0.5239581611251366,-0.19757424117125483,0.27615771826555824,1.2295161358386189,0.8577338312596192,-1.235330384138947,1.0401232872845831,-0.20233801069524981,-1.106132513515522,1.60844591539459,1.4592560863224315,0.3791918779903055,0.6211887963100278,0.8226874205675857,1.0484240293009204,0.5708502528084711,-1.4037188705527557,1.7472430360410367,1.042278076642758,-0.6880536880380214,-1.290227738956417,0.4292819248268807,-0.4937465145403088,0.4520210445363082,0.7966606540477752,-0.6358718130575334,-1.1499559578477845,0.41019094363502284,-0.4138934128684321,0.1255209680823168,-1.3794909819862815,-0.3508537963887573,0.7037953829140112,0.7049579903384277,-0.5828578756477463,-1.3090673058742985,-0.18733765931811502,0.6222313838970959,0.4181278570013532,-0.38462061339326986,0.352047700522742,1.212863289402738,0.3299221715920568,-1.0811399179869614,0.2760435356314949,1.9523023643479573,-1.0647534550882316,-0.07016061378134308,-0.42160103698163426,0.11976620813350677,0.20044289603367538,1.0585743256786493,0.23363882184285617,1.3849456736857522,0.03927971612827774,-0.24980192725657308,-0.7064795910548906,-1.8623850410543863,0.16993282637268467,1.9841597756121483,0.8205229400501725,0.8648226600466415,-0.49914152037091686,-0.28222218615685385,1.08059888537976,1.7837219965881876,1.6368235006190792,0.86857919161127,0.012164962599918384,0.2827617861528694,-0.5861163657169598,-1.8606091283192066,-1.1143315153025497,-0.12771239284737582,-0.2727808626825101,-1.2908981623881948,0.06254256183428741,-0.1643305547408638,-1.39695637392616,-0.45224749108752493,-0.6467967669178372,-0.4186389624359062,0.9729742599206253,-1.7488597940605073,-2.1513794059929943,0.03432074213626502,0.004474020321900279,0.5207696313898827,-0.3747670091654235,-0.9140442575760838,0.21726865386469515,-0.4294324743588621,1.590393479953165,-0.607579454114607,-0.3064159106025057,2.9231027541567602,-0.13993018924307807,0.5805828681927375,0.8131488818599991,0.8742868264885174,0.024184559585440753,0.2257044385797135,0.13208563293473394,-0.3791959808429559,0.17982576805904088,1.943667937090907,0.9328594306515858,0.10927462919227005,0.9711344119329595,-0.9554326447775655,0.008400923733652928,1.1155749217397612,1.5038620281970314,-0.70838510234051,-0.4294497811053534,2.0768247837575333,0.11183565709911385,1.4590504611732802,0.2507773751257347,0.07047267399920823,-0.18495550465948177,1.068079420148489,1.1575505845566585,-0.7957994506607439,-0.20496739620674073,0.5539387107043408,-0.057297785832391146,-0.1637995899705772,1.0448052503246636,1.0245095008017822,-0.7479135169508673,0.2959506418170502,-1.3170374826353473,-0.963978594776422,0.11678950929796324,0.2730708939632121,-1.0808361665542745,-1.064402805335055,-1.1593499794193134,0.3691602387389274,-2.6398922520023134,-0.8845800250561325,-1.9311884540368816,0.5134675562347296,-1.7110606732619973,0.19169938628481648,1.5528353751600898,1.5118230422818457,-1.747095468892756,0.3344150421932579,-0.7472711887275686,-1.0467985314893742,-0.11023794538281112,1.0502564351984804,0.6972640061979761,-0.786351405036721,0.8973453024242503,-2.300133252405749,-0.5161012799796078,-0.6656541355001329,0.11384668345292771,-0.21853896821081778,-0.004357313241107117,-0.3204178766996826,-0.12083910363678095,0.6868708042025145,0.2698162610882714,-0.2217837454827759,-9.270899615748167
0.45615331498811146,0.7152913718219749,-0.9237635949607993,-0.16861280950904556,1.1306512789622587,-0.8122889695454217,2.0407355156693785,-1.3424762678455122,-0.17682393370769314,-0.8951210329996112,1.9594942304380496,-0.3934409002932776,-0.4816858042857522,-0.4344490029185465,0.10624042248770084,-0.08712600643860452,-0.2799167387594045,-3.4961421040307687,-0.3232401780454312,0.06368279935610946,1.085989766576303,1.6329263776538,-0.4075060494773698,0.9132581425582412,-0.9271751234728186,0.6233776860347535,-0.6284842964614514,-0.92649545003969,-0.2245302827424036,1.1562090125748103,0.2984204990054547,1.006405751420484,-0.5761682415783188,1.0235680795140183,-0.9746196835272369,0.5599317955968179,0.32460132516140233,0.8095204059230406,0.24470929074876424,-1.0363614376917303,0.768707821264575,2.0387055982750573,-0.39599239480682075,-1.5699311487358911,0.38371261711589316,-0.28525563055383474,-0.21010220836259094,0.42401049939483015,-0.5644622974798597,-0.49473888772704233,-0.12310549234606705,1.5023860364770716,-0.29036452263850066,-1.0660971951914988,-1.7003206854331132,0.25114022548187276,-1.0129308806439192,-1.7631798742348408,0.6418588560367532,0.7694652594181404,-0.2554043303623379,0.2830564812126923,0.2660183978069428,0.5430123245184808,0.587303004602428,-2.850984389249275,-0.00898371121091598,0.3864810874494845,-0.5857351516912037,0.08866199506316334,0.8130366352817305,0.20117581518463504,1.623334230741295,0.8834896302793076,0.0023284825348985775,0.25882985973487993,-2.2997463558927547,-0.2653795460158967,-1.1277688815669624,0.10923408943863919,-0.008479583285381075,0.6978882594374268,1.8361807548898703,-0.0970224302895926,2.8213505040816544,0.22737030337830658,-1.274958826370699,-0.4583692947856496,-0.4114957325465574,0.6479499935351105,-1.1912032485647048,-0.18903872397264562,0.15887776231506723,-0.17538293330667062,0.9283506756391846,0.5263537793694885,1.269144371292812,-0.4541269575426324,1.3319765648549178,-1.2670862716782891,-1.430714013948452,-1.0041300476896209,0.13130178110455207,1.0741676402538913,-0.5906054098433726,-0.6469384147481935,-0.19932755795810556,0.7029562883376125,-0.3912374170812923,-0.38226388038833453,-1.6068291873913514,-0.6495172504355955,1.206885201099278,0.31818945593553993,-0.786026968047857,1.2195949305215643,-0.5764250123555751,1.5711990453849758,1.436546245743855,0.2203198922980956,-1.2625377896547347,2.055680142843408,0.602264463871113,-0.31303140500546084,0.9469417991188406,0.3257719088870061,1.1591827410320432,-0.8285272491731693,0.3878105925142558,-1.0939792150428846,0.8346912884962319,0.058200903435762875,0.01596745867845073,-0.10097849951848686,-0.27438981456667444,-0.6464689255598485,0.5942939085405204,1.4010473953882343,-0.5659628208297544,0.34523040441546393,0.5785565078571892,-0.17537529572381116,-1.1945612967125856,-1.1869612912434355,-0.7044437664714212,-1.9984121039909417,1.1587898236900902,0.3894360535548252,-0.024428149942013335,-1.9685190480452546,-1.9829676369216727,-0.23144454037033435,1.9647410145165594,-0.5921878850366663,0.6841450309665679,-0.30521394542162755,0.249148913396656,0.8444770093327849,-0.2866630910115413,-0.33488362406770983,1.470641431130115,0.1027843189758288,0.8597852476399721,-0.735502709741754,1.1011275510043337,0.2804531274079127,0.38626100043944517,0.37134804305061075,-0.5855002876904735,-0.38622501354949695,-0.5300589092338932,0.847535151411027,-0.08763720235265095,-1.3489848977359924,-1.7547870013973654,-1.4621415558131814,0.681407177004916,-1.2318124138664757,0.35893800818529054,0.028564399522209884,-0.08835568461727496,0.47928600294542045,0.4197522827829304,-2.4166535699571536,-0.3359652187091289,0.24497834042250083,1.852745276391526,2.0133700153335106,-1.2628895974904264,-0.37448045992424367,-1.3127251426857562,1.1331376332087884,1.115451580459069,0.412877453054197,0.3075586929793498,1.299160948718047,1.1526408975185063,1.3958206854424757,0.571314427411728,-0.2914733959662245,-3.0672036010702888
1.0023844768923849,0.7053671698137574,-0.41015161974269443,-0.47696958011157303,1.1039511287798067,1.6902159371247425,-0.5557978545070372,-0.1327798295796629,0.4214539428059622,0.9571619172330404,-0.4446529612311917,1.8099687077764337,0.7621086578944695,0.5877938780999767,1.6060481685457024,-0.20772728480478272,-0.23879980498226175,-1.2147424167780052,-0.5905673381775451,-1.4983511717286513,0.7646075694206854,0.5843055272639968,-0.4927715163519392,-0.07133302812359736,1.109495374807505,-1.297136410762395,0.1025029198167354,0.5466235226912516,-1.9083003316098983,0.5560993416067191,-1.5153262013786317,-0.3832224298544095,-1.0381470469894905,1.4070639455638072,-1.6314640380359717,-1.4484612163092663,0.2411776214350144,-0.4321070285583573,-1.6778267836777612,0.5857508042633067,-2.1146974318347946,-0.9741947856362418,-0.38821176528502865,0.8792229841617124,1.2862892829210695,1.1608631887827203,-0.2283765940393995,-2.1246682306678637,0.25162825975503533,1.21668865279787,1.2103549381950118,0.38816895831168147,-1.4410785706827824,-0.4557695453806175,2.4149045712485107,-1.3873243861034166,-1.0307223162741215,1.072297745908615,-0.4492991322149318,-1.4754025061584537,1.5631128783967116,0.4617654574388965,-0.3463519063534568,-1.2855012826884804,2.1123073155350482,0.007011227458416432,1.7066157256570573,0.7643005550166365,-0.68897050046501,-0.46962584911814753,1.6080719084364936,1.565789001572334,-1.9326640440843388,0.37701110246829,-0.00035397984441732267,-0.5210771495214349,0.32542960438078866,-1.2225351909844842,-0.2794907645991746,-0.8459863006944879,-0.7195141172883829,-0.04150001427693174,-1.4453624008559471,1.4878273487491835,0.7150854355259555,1.9580822624313914,-0.0074731762745897665,-0.4452984368847234,1.7092247033470414,-0.5713526212410631,-0.33541460458005373,0.751602903510905,-0.9914721067235216,0.8873224282878985,0.6624626310431262,1.0997023293067805,0.9825597420250108,1.1058637213949605,-0.07033618800302767,-0.7735192086213666,2.1151942624430036,-1.2869925805830043,-1.2191496808789446,0.3685820837214375,1.632574207230815,0.010109377405614463,0.9756669424965241,-1.8047809282496552,-0.413828057210469,-1.741168577931797,0.9788458062938457,-1.6043483497642195,-1.8305310827684185,0.7587883091437737,1.1156282421186312,-0.09970005965966529,0.7228032614683381,0.6141771896035021,-0.3367686543073153,-0.7725841011138876,0.6464955044771933,0.5035124353964029,1.0966888232838778,0.3159512012815933,-1.350915678928255,0.31489513708718603,-0.2507582100835834,-0.6137784208033306,-0.2426288993180367,-0.6175602048203207,1.074061906350769,-1.4511549474570113,-1.2193054034023711,-0.276158379498382,1.8830853667337328,1.111812509098744,-1.5731822001005815,1.2617460423090534,1.0505180900432083,-1.287735982138247,-2.158478823299286,-0.2467940138415736,1.3223903526628884,1.7741721638544479,-0.7919185810162441,1.6704226028382392,-1.894034512386141,-0.29508813623622704,-0.4424850889579181,0.8860023457081879,1.4513369527253337,0.9306410545707104,-1.1720288527574534,0.9872145876845821,0.3441643838791617,-1.3580879988565475,-2.114780017866573,0.673129799151901,-0.1108763808558457,-0.8524135924112359,-0.22449870483235818,0.38027304355368063,-0.365208867933236,-1.731473846371802,1.5439387962336035,1.0581144659948074,-0.2818734802615947,-0.047092975453836415,0.34307766761286035,-1.4571369761536799,0.2436133340022889,-1.324202677588611,0.1040412593024338,-1.0349293628454024,-1.2152145955368139,1.642907783416,0.12917982826509242,0.4030513204360226,-1.7013680630816963,-0.6794270448243445,0.412658630195608,0.226510378530196,-1.9323844716657805,0.21799131957136222,0.4053597560787806,1.1058716237945005,-0.6961326209032717,-2.5664043012348876,-0.8802030703396513,-1.1343166525727324,0.943244120511681,-2.1183668450895157,-0.4506288288554546,1.639628956246945,0.14642914535024043,0.7948469090829807,-1.9034116606966551,-1.7708445483222235,1.5332111157501551,0.1923885550428581,-0.8153194914877544
0.009940349708821704,-1.1986228861667942,-0.0005152395953200575,-1.3166160635545952,1.1539623222264965,2.6522938373693012,0.6980304153083643,-0.550604352594187,-2.0570653057073205,-1.8417342337123592,1.3979381032491751,-0.8788651530758275,-0.30648296167405176,0.7282382753902743,1.3566386107854869,0.041709015647256195,-0.5312896099755958,0.1134097154574402,-1.1208732479376489,-0.5496567464985054,0.39320299372864603,0.30747872362775125,1.805504027938979,0.5079080675832855,1.5354926912525892,-1.2320365155333122,0.4046223789194588,-0.5655145814202627,0.3882022059011163,0.5590989843514607,0.17020485206520528,1.7905821847619572,1.8489485682064823,1.1529961894047163,0.8678685050973999,2.206928564803586,-1.3308966660192716,1.6280278040406146,-1.1155701307856447,-0.8121567316178554,0.44850521597388954,1.4961496432841361,-0.9123716434229446,-0.341676838392845,-0.07178517296982692,-0.13921360148285797,0.601894932073575,2.884071386368902,0.27904913379949187,-0.9535769737894153,-1.3190911530067424,-0.4841243068469679,-1.205898768314473,0.3972660198055012,0.46649901283231965,-0.383200218176403,1.9962832862899138,-0.8271847276515907,-0.13042202561590263,0.7149320820094427,0.9532188835447623,1.333464611102896,0.5242962004908576,1.0121113059870135,-0.7550392823216179,1.0505625539792947,1.190625693892313,1.3869984728544984,-1.7615962298196985,-0.8704325867050372,0.8958312089592178,-2.4975357461217755,0.556048729012083,0.824539873130762,-0.46097682983931015,0.04207469781572957,-0.8014502126763685,-0.4478537277748073,-0.304469196346367,-0.7376660817970098,-0.9786770794108853,-0.23375964570919922,-0.44894013148467815,1.7860333262771155,-0.3308599746679814,0.3511248423091061,-0.4668028756060094,-0.48545582971502305,-1.7365951233049393,-1.606350732815007,-1.4802824292253496,0.25602123874911414,1.4807390235564954,-1.4022749288243088,-0.657746917166095,-1.3070829875516958,-0.21376485704435005,0.8914167731497241,-0.4296972014831919,0.02901692039403983,1.4515398985109509,0.5071234216122594,-0.5923098207362467,-0.08119087565535248,-0.8156127129862717,0.23785290104532053,0.5077624151722564,-1.1910409219104978,0.28151934972560616,0.03927953846837244,0.6921167677733797,0.7238083125132025,0.3409034063518134,-0.09223093792333636,0.9800036758138069,-0.7749873938983669,-1.403277316945783,-3.4356598039472748,-0.1776381537835117,-0.5368869842130001,0.49186545895618783,-1.8892882412622345,-0.40703247748541155,0.4724205757067638,-1.2009460842550854,0.05932581425117296,-0.8477330836811583,-0.0758263622023489,0.6723159961154139,0.9618619946036828,0.21736491582923692,-0.7976080787666726,-0.7003366048639994,0.6512247321892548,-1.165574325067068,-0.015261558306412367,-0.4543893320257195,-0.20289246816187442,-0.9498076093653555,-1.9285553460484364,0.6606209884793313,0.6747140527003708,-1.446899908811682,0.5229881083915227,1.1105365603651678,0.580358289667717,-0.3732640358143129,-0.8304662978097913,0.09533664689906506,0.11352465882211486,0.12862564950671193,-0.44743713460465573,-0.9189950475125872,0.542172594098297,0.3075673974842768,0.29639602723875413,0.3112524421112205,1.2949833897866734,-0.5817677406177546,1.3797360309658282,-0.7726295994750741,1.02929925867647,1.008115603356148,-0.28482682764987544,1.33626229572485,0.4884515649701406,-0.7519788353043081,-0.1246202778743868,1.173224799376639,0.49176886514364526,-1.152269080354538,-0.19439614920478637,0.5004319398629844,-0.4019385081550014,2.125883063556291,0.3428071245132774,0.009553599419621339,1.5862031857302163,-0.23407111429724212,0.8690448776632503,-1.6154639546146126,-0.4438392875971244,1.325852397400413,1.4491676929432764,-0.8189551605089301,-1.0733681533452277,0.6614961613224601,-0.6789754094237072,-0.11959995895425844,0.8721522933008574,-0.3115069021726242,-1.5417539811922276,-1.3645550532857342,0.024235117726097665,-1.7506637536345104,-0.44791495959353145,-1.6359497474636142,1.9487116434735452,2.2472550049704645,-1.0530403899968384,8.583564304898402
0.23939655524243056,-1.0433372237911414,-0.5769727517333234,1.7996473060774474,-0.3901156121174529,-0.07360271386576224,-0.7521401822455932,1.4522558929980172,-2.6839646265590305,-0.2409993734312978,-0.021994399693090035,-0.5390448730717434,1.3570286907666922,1.3477279172941279,-1.2532251512830095,2.3344295994980606,-1.4733983853428971,1.3333668393669558,-0.21530325479785264,-0.47696518098727886,-0.5146626017650681,0.04940651635085063,-0.029536141570898976,-0.9518185982681581,0.021316902296397086,-0.9286795688390621,-1.233283126153787,-0.6392643428139477,-1.2415147096880208,-0.37072808866401524,0.5442884336565293,-0.1780562802465367,2.45766422288633,-2.2355892189113877,0.48420897455939715,0.3255144053449703,0.9242574499443857,0.8730033900885426,-0.2106200560975954,0.1328878572963349,-0.8622292070321773,0.8217703284442692,-1.5697026016937095,0.8556401677650094,-0.20862640544371414,-0.44245873484178555,-0.29370613654674826,-0.18710631926815724,1.1247470094616152,2.9512322388696615,1.1964400450826143,-0.7498085249165846,0.27548732378478047,0.5740660633273647,-1.3443545888333548,-1.2231259072234946,0.017213728258331156,0.9196553804755021,-1.6570242343638448,-0.9210493159983488,0.6468859763006941,0.014095560434384716,1.5856423679879772,-1.5632963412895577,2.434461463731709,-1.6687455059400165,-1.882583435931234,-0.19354460359783643,-1.2624760967263646,0.012455520471354968,-0.12922095440199635,-0.07212316501121249,-0.8458467048679557,0.27423870077962614,-0.1988299652327477,1.4742513004543483,-0.04751778504993186,-0.8623959987247739,-1.4476777786097517,-0.25923134258328057,-1.5577419489527287,-1.273421572789142,0.6537263165413203,-1.8324374660151719,1.7980872347087233,0.1467848695539465,0.12062393884278809,-0.9235520622806337,0.7200518166439599,0.027942896911968856,-0.9005605509312054,0.27092319468392495,-1.4669817088563604,-1.26356101436331,-1.3235611510185723,0.2599545926849386,0.05675176408346609,0.8657929744688073,-0.9350057662711975,0.6415713474115403,-0.138881183917902,-0.7593606234952909,0.48505994807735275,-0.3302380709332901,-0.6175346951851097,-0.13540566036084756,-0.11570984412023348,-0.006336638002543676,-0.3242145684640793,-1.1643703796887592,0.12055025014651911,-0.8756138584752616,-1.5119914202879055,-0.027152656637639175,0.7696407178010283,0.2261553363310647,-0.5156219965620851,-0.5890702653581447,0.5955878884612523,-1.8960496867608163,0.8615730486304461,-1.7992809084478933,-1.1565786976269463,-0.50132342252192,2.259920135414429,1.2123766352285907,0.5097679522422902,0.3896958458237628,-1.8545812193004787,0.1966520299497109,-0.4729765777842447,-0.8004847443455391,-0.10635473796206728,-0.41284387667512334,1.0217666340526017,-1.622982384180356,-0.04350135518344551,-0.9839229694943944,-0.44127014861128505,0.10994424204739911,-0.8573023729352852,-0.036543221788504596,0.054173131507993195,-0.5308223697112147,-0.40222421348520354,-0.1272582398479598,-0.66811002105471,0.0539360525571812,-0.2923903045781783,-0.620109863302736,1.7720226611256404,0.27585522891761655,-0.2578921711713605,0.2621284608493958,-1.1277298898725272,-0.2670958540572285,-0.16890774228181696,-1.542508473328963,0.4905668299311544,-0.17443343753188728,-0.3780337563930089,-0.43242475300429056,2.808711297779703,-0.7094941878992138,-2.112445612888217,-1.7138161697976737,0.6677846177500686,1.5527851334117295,-0.7747905054685983,0.8296609048959807,0.6671281779555959,-0.2420195257858127,-0.1706436369861053,0.25739595289316985,0.7029431835742013,0.4934641149782333,-0.5982688507376802,-0.056056169301754624,1.8574420410194017,0.13920542206047873,0.8014446281036063,0.5842998291070396,0.5367869775565228,0.1290768118161296,0.9755249027351685,0.5392812949786223,0.3244389991254226,-0.7614290162580521,0.5636509654600383,-0.08703570995387834,-0.08045928070982647,2.0225583202623287,-1.6196002390891082,1.1064857224553817,-0.7357574358074326,-0.0018700983555899361,2.6064387991091986,-1.0369898550991992,-0.5867651857162176,0.06485097419926848,0.07385372998444317
-1.4110265264416193,0.7723194916322141,-0.8935468833758999,0.5851593612372273,-1.195510595265469,-1.449086640773258,-0.026740619595977174,-1.6003800961904298,1.4244605845110232,-1.6423484936579675,-0.9017643353967832,0.453048335203075,-0.5969405222089137,-1.7348860118847351,1.859502641805201,-0.7602144008821906,-0.3385293928617831,-0.16808393435404606,0.43752979828515154,0.5245442622892076,-0.9761243097572075,-0.2953683642615286,-0.44492307209567855,0.8410028254909827,-1.0001496651491855,1.8855654226619556,-0.8042159300526489,-0.007110710234639993,-1.252075733216202,-1.107099002958704,-0.7335038491539114,-1.1175428307881743,-0.20352250916101783,-1.0037787713873154,0.7784608320635007,-0.5198164684050823,-0.7871365744951379,-0.40816341462343336,1.057489674991112,0.18703293492787143,-0.21524687130561357,-1.4061220100297702,-0.9025219377777889,-1.0528631754677173,1.299193781210955,0.5837931728666761,-0.8122311501938024,-0.5332322763818721,-0.9197949428907346,-1.101816619359442,0.43712620812938097,-0.44238265830179535,1.6449264899176932,1.0698351168789049,1.5939692961779999,0.811483454308913,-0.33002865969907014,0.6820311876901832,-0.3650845693575936,1.907116562715628,0.48540360366745205,0.24964243764222666,0.2004225259267678,1.7331368381901773,-1.5675559696864052,2.06939293948799,0.04794202594440042,-1.5482752193123226,-0.9051793460750541,-1.626439222063199,0.7021235511721357,-0.9042878686931948,0.21635978064869055,0.8898343907169866,-0.5577663122779559,0.19341640623151965,-0.9948157575102561,-0.3232478786115039,2.6288678396183163,0.630733494468895,-0.4634299804688317,-0.5620353627899025,-0.12180989598406552,0.05787096709711572,-0.36018822592676764,0.557099177127031,-0.881788541439612,-0.8483874779326175,0.32780629285702,-1.1867228659891385,0.6743480833021585,0.07309239092883466,-1.622034505440791,0.33572434154038977,-1.9822070165168983,0.5738652889194524,-0.19763580037151302,1.632974786732112,1.191830973364594,-0.9684763421670993,-2.0716625146962055,-0.5894554469164872,-1.026086070949876,1.7643735862099348,0.00017275103903351504,0.7437094032070616,-0.26605050729764235,-0.03170017273684538,0.06738267825086128,1.280170288283993,0.408648603453717,-1.1248358393175886,1.7574574503160332,-0.08142384875247367,-0.48591467911726316,-2.6251074367811245,0.7950264379642106,0.14034000219801362,0.008634451280643383,-0.17559009151045193,-0.4082991714306811,-0.406338230317488,0.676303779860371,0.6394176597832247,-0.33701170354632964,0.5500194534619388,-0.3341233480340875,-0.6394714395602364,0.26435918104181366,-1.2607754895837002,0.3682168004377054,-1.5853765112258427,-1.2524926680492232,-1.8989771187347035,-0.1866072276855435,1.6197246987840497,-0.2147477232406832,0.5491532509900848,1.9010339109705325,0.20392995862558627,-0.5310276490337859,-0.7405994059461857,0.25655048057570246,-0.5024765879974767,-0.4874297249512189,0.9474722818720537,0.8381607162624506,-1.4848857866754575,-0.8753418819455782,-0.494335901135757,0.6822213549511494,1.1600683292382405,2.6556324344463658,-0.3565102565858507,-0.5420900969037835,0.6390794274286334,-0.5722863491015866,-0.47014247838982937,-0.35988777740475775,-2.01472369556384,0.12094681880831505,-0.09579720673814528,1.047621858873909,0.05822849186671737,-1.3598247128881016,-0.28553117923170124,-1.8049850100726772,-0.9451395190113432,0.6393966399194682,-0.6194626184453977,0.8500335950812853,-1.9274360108661899,-0.14463066820336357,-0.37120474587138497,0.7782960695271116,0.7470912117125876,0.7054053377119325,2.0079499163471315,-0.23663245147930279,1.185270589118051,-1.0214664828073747,-1.09290611111662,1.0244277741218482,-1.32825378876215,0.6268459965794579,-0.07965417256583077,1.2215755615486144,-0.021956857149842267,0.2194753399102462,0.49887322198199124,-0.4276422452451912,-0.5753335673178301,0.5383832097613929,-0.02053939299966466,-0.2739600782101117,-0.22468597324354145,1.5631328342527226,-0.4411242511350517,-0.3397063981498821,-1.7504549692510605,-9.478124951351573
-0.2077697605932784,0.5486942173426717,1.033230334026469,0.008490289496400604,0.9382222472080854,0.8464663814400059,1.3374903460939171,1.2702167206504544,1.4688906045758132,0.11108167101755435,-1.1584492171867633,0.6839239484362178,1.2451841654331683,1.7646876509092826,1.1753941474259435,2.1864381865965044,0.41630287677333533,0.27097997565168985,-2.003007785075469,0.3646268690115391,-0.6728959106752013,0.3384025435333011,-0.1763867580806299,0.5432301183572029,0.17065816333687742,0.7925864339999357,-2.652731151878446,0.14827136825138226,1.2392552151030813,1.5500365060875203,0.8371038611851109,1.1686024210708048,0.446223935092172,-0.02169407718000184,0.5623530512771161,0.31521872605935547,-0.6755541356663338,-0.5493615603258428,-1.2479948230530935,0.5890359293688472,-0.10371687083175145,-0.23840720846206015,-0.3804770286588719,0.6032730262482898,0.7024220417108739,-1.091365449651499,-1.1634143985151042,0.7642905627769568,-1.449419186386362,0.3084599525983165,1.593344627706102,1.667814441150862,0.37747517339228104,0.6045498147827324,2.8331643205413966,-2.3536499996944142,-0.3702978980485087,0.9658228496873762,-0.3532741029413725,1.4373969978005685,0.05992405640166157,0.11019917205250453,-0.23124669125722483,-0.633602045243254,-0.6303056695195758,0.3343126817958929,-0.5684099080696847,0.8242032779562984,0.4085123442903329,1.169579945357639,-1.3352319164798114,-1.55734592739085,0.03476558228537964,2.43819616968173,1.403720154759141,-0.07394473856858202,0.46273032935083597,0.7207729977818569,-1.1422312364134612,1.1850093808180298,-0.3574208414958002,-0.06000302404468599,-0.03145654264218493,1.0631007839225688,-0.7563209612392584,-1.9213749804713636,0.5248465120093319,-1.9164125077937915,-0.3402036511435834,1.2676601842017676,0.5074953811245589,1.049412334787172,0.9937304232669021,2.4446405088392704,-0.7034039707746597,0.30432894503687724,-0.3939339788035178,0.777628350048125,-0.018164488331535042,1.76803842957685,-0.5614923644785789,1.3652428381076502,0.6805478608903415,-0.2930894645551438,0.5519497562936502,0.0808330258626869,0.35366571622864057,-0.0582588516685366,-0.6220563448894951,-0.18119943559072565,-2.0176432033976437,0.7341848653384806,-1.7777629354151014,-0.0031463894964043203,0.6788880448385743,0.8444088262194378,-1.9139451451808378,-0.06888549925472501,0.402741390422758,0.21687233349788085,1.367372616102414,-0.8250505102003864,-1.7748021250673387,0.8087492477566236,-0.6680201201530083,-1.9116994212153258,-0.4195782885372064,1.434701500936529,-1.2386247532142751,2.291492566482274,-0.783510631538406,0.17715640371521263,-1.4380076621850286,0.07951844395031521,-0.13874377805318214,-1.2146603743372495,2.4088484374026073,-0.59754342277867,-0.5132084566778374,0.7379776124610864,1.859272992574045,0.8190333818766712,-0.8853694774502262,0.3643124099571353,-1.7758013499424814,0.868693532542297,-1.3963550719893467,-0.6999398266207746,0.00446022749338973,0.2819497085813093,-0.26378086482252344,1.6168627582468764,0.7866951606599606,0.7667887460030566,-1.3218732750400937,1.6207791471176873,-0.7068966321650533,1.3515122020151098,2.223333104579484,0.711140499354204,1.0682282017894116,-2.6230018171712692,-0.4822259807792301,1.3184222419733984,0.6552822169200806,-1.309111378707157,-0.24573653023078457,-2.244859514769087,0.40051828986448545,-2.172737859953999,1.0602875037615778,1.0591626187734577,-0.48005387996355786,0.5833936602308808,-0.3491672843644331,0.35039808068096967,-1.0632323655462137,0.9024286710133619,-1.3713980936724737,-1.8693547863988635,-0.14286561158510455,-0.19298654494213788,0.5357127864022304,-0.5557689969472926,2.037056605545218,-0.02020808661347533,0.29000442899334894,0.2772715275740335,1.2084789803519478,0.56674182733413,0.6545490757591392,0.5315126315598533,-1.925657766116596,-2.0258165172482774,0.06198019297912376,-0.34432012912747717,0.4762088804870947,0.0901292418592611,0.6941164892017853,-1.254341573245981,-0.04222490515836974
-0.16051583765663985,-1.4180458948611465,0.4016107075668684,-2.09039455102178,0.3709225055334451,-1.1435339882868307,-0.1838511055508997,1.1697159244116913,0.31529377546742715,-1.7917089442412886,-0.577733816486644,-1.314758345850343,-2.090667467706427,0.11899054037991778,0.5252639364329542,0.6818033075423477,0.4003692502927518,0.029675530540926674,-0.7082555966992073,-1.0672302386540113,-0.5486146774134307,-1.469551573695515,-1.0348296432831576,0.13205140451158706,0.14827447546217623,2.941738528744951,-1.3563430443319113,-0.09807543533208783,-1.5302031659084925,-0.34358058759986737,-0.2179149176951567,0.44541030359162825,-0.2429729238940037,-0.21592709936218973,-0.6860514386123485,-1.1816724331919426,-0.5451536440918907,-0.3954235650654295,0.05094407729838864,0.6282361614447141,-0.35069874108137405,-0.12072791973770552,-1.4264519242322076,0.635475358829214,-0.9712795498224296,0.8021891400445711,0.9830344847356441,-0.2116396921672558,-1.1105344190836353,-0.24664424411244093,0.32556478100870356,-0.4733519207956842,-0.8509285817026644,0.4797315044201762,0.5264013221792385,-0.2601241376829863,-1.5198526657935834,0.521953044425607,-0.7931764931125624,0.20392525369506126,0.24263944785333807,-2.0470458590340943,0.15100616852915716,0.4510875724047187,0.6215550694894934,0.16402831948808858,-1.828137594819315,1.1498811183960371,0.18211962060678946,-1.1714999248836502,-0.9453103182133062,0.3496277097067737,0.753322225601655,-0.5335730117549129,0.9577481170670148,-1.2301777758957413,-0.7747280627343698,-1.89123531149564,-0.6917141454689177,1.3147054628916832,2.0668245548514625,0.2534220506028534,-0.932314651250127,-0.2906096924639037,0.6915807697059567,-1.7618449238424,-0.4619718038944004,1.5068630822304558,-1.0811618388670559,-0.7494936237384154,-0.12230635336095629,0.3479076492002423,-0.3368293342678246,0.30590341425846646,0.6911331769736151,1.7315928474142204,-0.07070946201486204,-0.17701365851419057,1.6790166996239957,-0.4648672756277972,-1.3658126391800605,0.3194017933413134,1.1348939881864473,0.1426165726013947,-0.08637453361574557,-1.6052255862777558,-0.04690999299655606,1.347628954423583,-1.1708861176778687,-0.08963747354615227,-0.4416969747000634,-0.7728300801666702,0.05695711055333462,0.6851433219480052,0.45172731185443676,-0.8730962716479683,-1.7692580728852407,0.31540899974896147,-0.65494243355689,1.758190078795453,1.8673665299921967,1.7790139865252035,-0.6928407893903565,0.5704335060351959,0.8548217009339364,0.37673553598760284,-0.6300354816971442,1.4928177562587037,0.06082357289503574,0.16910962462430454,-1.53650318489446,0.780559445138558,-0.5087913910481482,0.4858846589182573,0.2880233419973921,0.31307382036351866,-0.15112758855783268,0.693143802115165,-0.26254681278608716,-1.5535301117161222,0.7052982590707797,-0.9019301300901852,-1.0023148839065958,-0.9010142631662215,0.33178945875370114,-0.07253845247910053,-1.8140613187905579,-0.30960688519630214,1.2701648571241098,-0.48348279386088666,-0.15877961918117373,1.0384808311981166,0.8549360146287468,1.1481954895904536,-2.800754501807832,1.6509647396456941,0.8964909885297213,2.05353759995388,-0.7491758615881285,-1.2683567590803455,1.6944650205233797e-05,-0.17683633751900082,0.4032608721590181,1.287123760586071,-0.280308852007613,-0.2670198923561059,0.4625440363691972,-0.009079454610002823,-0.4078358651829842,0.6000719082017726,1.1910077288824663,0.9655155692078693,-0.03726349077592539,-1.965039142512149,-0.2829461302842164,-0.5702119626336333,-0.05756705524162433,-0.6538418233782053,0.07297269447426881,-1.1062757949272726,-1.2467771365856994,1.290885119984343,-0.7276250492501939,0.031194658777280802,1.0368818875021975,0.7354523411758476,0.9139970716613148,0.4004153216820478,0.9171588962819063,1.3771405625722344,0.6378995652261877,-1.4433456247732457,-0.5365596683870979,0.8073955166304587,-0.496850576031598,1.548525108131851,-0.21251357165312992,0.16497160849181183,1.226661548202841,-0.11275142804130278,17.454590182703704
